package,component,code_path,source,uid,version,system_app,privileged,persistent,direct_boot_aware,shared_user_id,platform_signature,amazon_signed,device_owner_or_profile_owner_related,privileged_permissions_summary,appops,flags,private_flags,signature_summary,manifest_priority,effective_home_priority,ordinary_preferred,persistent_preferred,home_candidate,home_resolved,confidence,evidence
com.amazon.firelauncher,com.amazon.firelauncher/.Launcher,/system/priv-app/com.amazon.firelauncher,/system/priv-app/com.amazon.firelauncher,10120,1.3.232663.0_82020310,YES,YES,NO,PARTIAL,UNKNOWN,UNKNOWN,YES,UNKNOWN,see package dump; not re-derived,see baseline appops output,[ SYSTEM HAS_CODE ALLOW_CLEAR_USER_DATA ALLOW_BACKUP KILL_AFTER_RESTORE ],[ PRIVATE_FLAG_ACTIVITIES_RESIZE_MODE_RESIZEABLE PARTIALLY_DIRECT_BOOT_AWARE PRIVILEGED ],"PackageSignatures{b9dd662 version:1, signatures:[e627f73a], past signatures:[]}",50,50,YES; mAlways=true; selected,NOT OBSERVED,YES,YES,Confirmed,P3B-PKG-001; P3B-HOME-001; P3B-PREF-001
com.microsoft.launcher,com.microsoft.launcher/.Launcher,NOT CAPTURED IN PACKAGE DUMP,HOME query candidate,UNKNOWN,UNKNOWN,NO/UNKNOWN,NO,NO/UNKNOWN,UNKNOWN,UNKNOWN,UNKNOWN,UNKNOWN,UNKNOWN,UNKNOWN,UNKNOWN,UNKNOWN,UNKNOWN,UNKNOWN,UNKNOWN,0,YES in Phase 3A; mAlways=true write did not win,NOT OBSERVED,YES,NO,Confirmed,P3B-HOME-001; Phase 3A evidence in findings/phase-3a-report.md
com.android.settings,com.android.settings/.FallbackHome,/system/priv-app/FallbackHome,HOME query candidate,UNKNOWN,UNKNOWN,YES,YES/UNKNOWN,UNKNOWN,UNKNOWN,UNKNOWN,UNKNOWN,UNKNOWN,UNKNOWN,UNKNOWN,UNKNOWN,UNKNOWN,UNKNOWN,UNKNOWN,UNKNOWN,-1000,NO,NOT OBSERVED,YES,NO,Confirmed,P3B-HOME-001
com.android.systemui,UNKNOWN,/system/priv-app/TabletSystemUI,/system/priv-app/TabletSystemUI,10036,9,YES,YES,YES,YES,UNKNOWN,YES,UNKNOWN,UNKNOWN,see package dump; not re-derived,see baseline appops output,[ SYSTEM HAS_CODE PERSISTENT ],[ PRIVATE_FLAG_ACTIVITIES_RESIZE_MODE_RESIZEABLE_VIA_SDK_VERSION DEFAULT_TO_DEVICE_PROTECTED_STORAGE DIRECT_BOOT_AWARE PRIVILEGED ],"PackageSignatures{c94205 version:3, signatures:[abe86ff5], past signatures:[]}",UNKNOWN,UNKNOWN,UNKNOWN,NOT OBSERVED,UNKNOWN,UNKNOWN,Unknown,P3B-BASE-001
com.android.settings,UNKNOWN,/system/priv-app/TabletSettings,/system/priv-app/TabletSettings,1000,9,YES,YES,NO,YES,UNKNOWN,YES,UNKNOWN,UNKNOWN,see package dump; not re-derived,see baseline appops output,[ SYSTEM HAS_CODE ALLOW_CLEAR_USER_DATA ],[ PRIVATE_FLAG_ACTIVITIES_RESIZE_MODE_RESIZEABLE_VIA_SDK_VERSION DEFAULT_TO_DEVICE_PROTECTED_STORAGE DIRECT_BOOT_AWARE PRIVILEGED ],"PackageSignatures{9fe6db version:3, signatures:[abe86ff5], past signatures:[]}",UNKNOWN,UNKNOWN,UNKNOWN,NOT OBSERVED,UNKNOWN,UNKNOWN,Unknown,P3B-BASE-001
com.android.providers.settings,UNKNOWN,/system/priv-app/SettingsProvider,/system/priv-app/SettingsProvider,1000,9,YES,YES,NO,YES,UNKNOWN,YES,UNKNOWN,UNKNOWN,see package dump; not re-derived,see baseline appops output,[ SYSTEM HAS_CODE ALLOW_BACKUP RESTORE_ANY_VERSION ],[ PRIVATE_FLAG_ACTIVITIES_RESIZE_MODE_RESIZEABLE_VIA_SDK_VERSION DEFAULT_TO_DEVICE_PROTECTED_STORAGE DIRECT_BOOT_AWARE PRIVILEGED ],"PackageSignatures{fdfb2a2 version:3, signatures:[abe86ff5], past signatures:[]}",UNKNOWN,UNKNOWN,UNKNOWN,NOT OBSERVED,UNKNOWN,UNKNOWN,Unknown,P3B-BASE-001
com.amazon.pm,UNKNOWN,UNKNOWN,NOT CAPTURED,UNKNOWN,UNKNOWN,UNKNOWN,UNKNOWN,UNKNOWN,UNKNOWN,UNKNOWN,UNKNOWN,UNKNOWN,UNKNOWN,see package dump; not re-derived,see baseline appops output,UNKNOWN,UNKNOWN,UNKNOWN,UNKNOWN,UNKNOWN,UNKNOWN,NOT OBSERVED,UNKNOWN,UNKNOWN,Unknown,P3B-BASE-001
com.amazon.parentalcontrols,UNKNOWN,/system/priv-app/com.amazon.parentalcontrols,/system/priv-app/com.amazon.parentalcontrols,10058,3.0.200706.0_20096010,YES,YES,NO,UNKNOWN,UNKNOWN,UNKNOWN,YES,UNKNOWN,see package dump; not re-derived,see baseline appops output,[ SYSTEM HAS_CODE ALLOW_BACKUP KILL_AFTER_RESTORE RESTORE_ANY_VERSION ],[ PRIVATE_FLAG_ACTIVITIES_RESIZE_MODE_RESIZEABLE_VIA_SDK_VERSION PRIVILEGED ],"PackageSignatures{7626a11 version:1, signatures:[e627f73a], past signatures:[]}",UNKNOWN,UNKNOWN,UNKNOWN,NOT OBSERVED,UNKNOWN,UNKNOWN,Unknown,P3B-BASE-001
com.amazon.device.software.ota,UNKNOWN,/system/priv-app/DeviceSoftwareOTA,/system/priv-app/DeviceSoftwareOTA,10017,6.0.202217.0_6360610,YES,YES,NO,UNKNOWN,UNKNOWN,UNKNOWN,YES,UNKNOWN,see package dump; not re-derived,see baseline appops output,[ SYSTEM HAS_CODE ALLOW_CLEAR_USER_DATA ],[ PRIVILEGED ],"PackageSignatures{88d3588 version:1, signatures:[e627f73a], past signatures:[]}",UNKNOWN,UNKNOWN,UNKNOWN,NOT OBSERVED,UNKNOWN,UNKNOWN,Unknown,P3B-BASE-001
