evidence_id,artifact,remote_path,sha256,host_observation,classification,confidence,limitation
P5CS-003,libart.so,/system/lib64/libart.so,3a0a7cdc0d8b3634c6b362e0b68d0f05225063eec098fdc7656988139bb9f658,"futex cmp requeue failed for; ThreadList::SuspendAllInternal; syscall import and call boundary",ordinary ART compare-requeue path marker,Confirmed binary scope; Strong evidence semantic mapping,"Not a direct runtime syscall trace or proof of PI requeue"
P5CS-004,libandroid_runtime.so,/system/lib64/libandroid_runtime.so,73dd8b974989faeaed65d03d548f3a776fd31e65ddb29cdd583dcaeea623d837,"pthread condition symbols; seccomp setup symbols and source-label strings",runtime synchronization and policy setup references,Confirmed binary scope,"Does not reveal Fire app seccomp allowlist"
P5CS-005,libbinder.so,/system/lib64/libbinder.so,258859d7e0a0bbd0acb2474403ae5dcda45037b0facd3af0de707ddee4683c60,"pthread_cond_wait/broadcast and mutex symbols",ordinary Binder synchronization references,Confirmed bounded scope,"No futex/requeue caller established"
P5CS-006,libutils.so,/system/lib64/libutils.so,881c0a2e298e25d1768928d50dccfabdadca66d85af055a2c156cfa6b10296f7,"pthread condition and mutex symbols",ordinary synchronization references,Confirmed bounded scope,"No futex/requeue caller established"
P5CS-007,libcutils.so,/system/lib64/libcutils.so,8307c957cafbdf620e79fda2ee68eef438e6d8dd326d019f4d803a012042d6f8,"syscall and mutex strings; no futex operation identified",bounded syscall reference,Confirmed bounded scope,"Indirect calls and stripped implementation remain possible"
P5CS-008,Amazon native selection,/system/lib64/libAmazon_tat_jni.so; /system/lib64/libamazon_remotes.so; /system/lib64/libamazonaspservice.so; /system/lib64/libamazonmediaanalytica.so; /system/lib64/libamazonwifiservice.so,"see capture hashes","No named futex/requeue/rtmutex marker in bounded host scan; pthread mutex names occur in two files",bounded negative observation,Negative observation only,"Not exhaustive; stripped/indirect paths and other libraries remain open"
P5CS-009,vendor inventory,/vendor/lib64/*,"see raw inventory hashes","Amazon/FireOS HIDL and MediaTek libraries enumerated; detailed vendor file access is restricted",inventory only,Confirmed capture scope,"No vendor ELF was executed or bypassed; no requeue conclusion"
P5CS-010,amazonfiled,/system/bin/amazonfiled,NOT-PULLED,"service appears in system-bin listing and init properties; pull denied by SELinux",not analyzed,Unknown,"No permission bypass attempted"
P5CS-RUNTIME-001,PS7331 runtime,device runtime,NOT-OBSERVED,"No waiter->task != current observation, no remove_waiter execution trace",GhostLock dynamic validation not reached,Unobserved,"No futex trigger/race/instrumentation performed"
