candidate,android_implementation,public_scope,exact_device_match,required_privilege,device_runtime_surface,action,result,confidence,evidence
CVE-2025-20765,MediaTek AEE daemon double-free/race; Android/vendor crash-reporting layer,Official MTK bulletin: MT8183; Android software version not listed,SoC matches; exact Android/PS7330 daemon version unknown,"Unknown; daemon/service path, not shell UID","Kernel AEE worker threads observed; no userspace AEE process, package, service, or init path observed",Read-only process/package/service/init capture,No shell-reachable AEE daemon observed; no trigger attempted,"Strong evidence, scope/runtime only",P5X-WEB-001; P5X-DEVICE-002
CVE-2024-20021,ATF SPM physical-memory remap boundary; secure/firmware interface,Official MTK bulletin: MT8183; Android 12/13/14; requires System privilege,Android 9/API 28 and shell UID 2000 do not match,System privilege required; /dev/sspm is root:system and SELinux-labeled,Only node metadata visible; node was not opened or read,Read-only node metadata capture,Version/privilege mismatch; no live access test,"Confirmed, applicability boundary",P5X-WEB-002; P5X-DEVICE-004
CVE-2023-45779,Android APEX package-manager/update path using test-signed APEX,Public advisory demonstrates Android 13 Lenovo Tab M10 Plus path,Android 9 device has no observed APEX runtime surface,Would require APEX installation/update authority; not a normal shell route here,ro.apex.updatable empty; APEX directories/packages absent; apexservice unavailable,Read-only APEX property/path/service checks,Feature/version mismatch; no APEX install or update attempted,"Confirmed, runtime-surface scope",P5X-WEB-003; P5X-DEVICE-003
CVE-2026-43499 (GhostLock),Linux futex PI -> rtmutex kernel path reached by native syscall,Public implementations are target-specific; Fire source/config overlap only,Kernel family overlap; signed PS7330 backport/layout/reachability unknown,No safe shell privilege or root primitive established,Existing Phase 5U/5W source and runtime boundary; no new trigger,Host/source review only,No exact-device payload; live futex race rejected,High-confidence source applicability; not exploitability,P5X-WEB-004; P5X-HOST-001; P5U-GHOST-003
CVE-2026-43503,Linux networking skb/shared-frag path; unrelated to GhostLock,Existing Phase 5U review and exact defconfig gate,No matching enabled path in captured MT8183 config,Would require kernel trigger; not an Android app route,Existing config review; no packet trigger,Host/source review only,Not a GhostLock route; no live trigger,"Confirmed, identity/config boundary",P5X-HOST-002; P5U-MATRIX-001; P5U-FRAG-001
CVE-2026-3499,Identifier supplied as a possible GhostLock label,No verified GhostLock record in the recorded public-source review,Cannot establish CVE-to-implementation mapping,Unknown,No device action justified by an unresolved identifier,Host-only identifier review,Rejected as an unverified alias; do not treat as GhostLock,Hypothesis / unresolved identifier,P5X-WEB-005; P5X-PUBLIC-004
KoCleo/mtk-easy-su,Magisk/mtk-su bootless-root wrapper; legacy MTK userspace route,Current public README warns post-March 2020 firmware may block it; no exact target entry,No KFTRWI/trona/MT8183 tested profile; previous exact-device test failed,Requires a kernel/firmware vulnerability and native payload behavior,No new runtime route; previous failure already archived,Public-source recheck only,Do not repeat the same payload; no new evidence,"Confirmed, route already disproved on this build",P5X-PUBLIC-001; P5R-MTKSU-001
LauncherHijack,Accessibility foreground redirect; not PackageManager HOME replacement,Current repository is deprecated and documents Amazon blocked-package behavior,Historical helper; prior exact controlled run was 0/30 handoffs,Requires explicit user Accessibility consent; no root,Current capture shows no redirect Accessibility service enabled,Read-only service-state observation,Historical approximation only; no new test,"Confirmed, not a formal HOME replacement",P5X-PUBLIC-002; prior Phase 4 evidence
Generic MTK BROM/DA/preloader tools,"Pre-Android boot-chain protocol, not Android userspace implementation",Public tools are generic and include read/write or unlock capabilities,Exact PS7330 loader/DA/auth/rollback set unavailable,BROM/DA/boot-chain authority; destructive risk,No bootloader path touched in this capture,Host-only compatibility review,Level 3 / risk-rejected; no handshake or write,"Confirmed, safety boundary",P5X-PUBLIC-003; P5W-PL-001; P5R-LK-001; P5R-LK-002
