apk,apk_sha256,package,shared_user_id,protected_broadcast_count,target_action_present,target_permission_string_present,aapt_status
/Users/bob/Documents/Codex/2026-08-03-fire-os-7-framework-amazon-fire/artifacts/amazon-services/com.amazon.parentalcontrols__0_com.amazon.parentalcontrols.apk,0311dda6b8be16891e7052f1d0c4d94c4cc5ef4010fd6645b58ba72a192e92a5,com.amazon.parentalcontrols,NOT_OBSERVED,0,false,false,OK
/Users/bob/Documents/Codex/2026-08-03-fire-os-7-framework-amazon-fire/artifacts/launcher/com.amazon.firelauncher__0_com.amazon.firelauncher.apk,601c510df94ddf2701ef8eb662ad565a5108688e562ca29fa56c1b14289b4ddf,com.amazon.firelauncher,NOT_OBSERVED,0,false,false,OK
/Users/bob/Documents/Codex/2026-08-03-fire-os-7-framework-amazon-fire/artifacts/launcher/com.microsoft.launcher__0_base.apk,ba0f400ab36aabb873311c7b07b242615b67b070c6b304ac7b1371146c406e30,com.microsoft.launcher,NOT_OBSERVED,0,false,false,OK
/Users/bob/Documents/Codex/2026-08-03-fire-os-7-framework-amazon-fire/artifacts/phase3b-amazon-settings/com.amazon.settings__0_AmazonTabletSettings.apk,03ab0156c31388868c883b8b3e093e30298f6ce208776e094ae86c7f32cf59d4,com.amazon.settings,android.uid.system,0,false,false,OK
/Users/bob/Documents/Codex/2026-08-03-fire-os-7-framework-amazon-fire/artifacts/phase3b-device-policy/com.amazon.dpcclient__0_com.amazon.dpcclient.apk,9d920dd7850cb4e441b390a87a1eb1172ca0f09ada15f388c66ec35063d1e33b,com.amazon.dpcclient,NOT_OBSERVED,0,false,false,OK
/Users/bob/Documents/Codex/2026-08-03-fire-os-7-framework-amazon-fire/artifacts/phase3b-device-policy/com.amazon.parentalcontrols__0_com.amazon.parentalcontrols.apk,0311dda6b8be16891e7052f1d0c4d94c4cc5ef4010fd6645b58ba72a192e92a5,com.amazon.parentalcontrols,NOT_OBSERVED,0,false,false,OK
/Users/bob/Documents/Codex/2026-08-03-fire-os-7-framework-amazon-fire/artifacts/phase3b-framework-settings/com.amazon.frameworksettings__0_com.amazon.frameworksettings.apk,1ea64e7ae22dd9f5bd4b78b1a2fe8c4b9edd7b117883a27c2b4df73b2bf322bb,com.amazon.frameworksettings,NOT_OBSERVED,0,false,false,OK
/Users/bob/Documents/Codex/2026-08-03-fire-os-7-framework-amazon-fire/artifacts/phase3b-launcher/com.amazon.firelauncher__0_com.amazon.firelauncher.apk,601c510df94ddf2701ef8eb662ad565a5108688e562ca29fa56c1b14289b4ddf,com.amazon.firelauncher,NOT_OBSERVED,0,false,false,OK
/Users/bob/Documents/Codex/2026-08-03-fire-os-7-framework-amazon-fire/artifacts/phase3b-ota/com.amazon.device.software.ota.override__0_DeviceSoftwareOTAIdleOverride.apk,b0d78110f5e1b58efc7c741936fcc2233c05a06ea5bd65f4cf2237c3e3c1118b,com.amazon.device.software.ota.override,com.amazon.device.software.ota,0,false,false,OK
/Users/bob/Documents/Codex/2026-08-03-fire-os-7-framework-amazon-fire/artifacts/phase3b-ota/com.amazon.device.software.ota__0_DeviceSoftwareOTA.apk,4a00b81fda6259e1309d9c6c3021e7d958be8bc6341a49b1278216580824b2a0,com.amazon.device.software.ota,com.amazon.device.software.ota,0,false,false,OK
/Users/bob/Documents/Codex/2026-08-03-fire-os-7-framework-amazon-fire/artifacts/phase3b-package-management/com.amazon.pm__0_com.amazon.pm.apk,e790e4255ca38995f395ac77bec74eadaf9b96db62e96ae75ae60448d460edf3,com.amazon.pm,NOT_OBSERVED,0,false,false,OK
/Users/bob/Documents/Codex/2026-08-03-fire-os-7-framework-amazon-fire/artifacts/phase3b-provisioning/com.amazon.kindle.otter.oobe.forced.ota__0_com.amazon.kindle.otter.oobe.forced.ota.apk,63cc2b0fd1543f688851b1f5621f6636201e3d81398644eaea3d794cda57360b,com.amazon.kindle.otter.oobe.forced.ota,NOT_OBSERVED,0,false,false,OK
/Users/bob/Documents/Codex/2026-08-03-fire-os-7-framework-amazon-fire/artifacts/phase3b-provisioning/com.amazon.kindle.otter.oobe__0_com.amazon.kindle.otter.oobe.apk,8a75076e9cec473846eddc48d6ff0730358f4152d13a4152f568040b52fa646a,com.amazon.kindle.otter.oobe,NOT_OBSERVED,0,false,true,OK
/Users/bob/Documents/Codex/2026-08-03-fire-os-7-framework-amazon-fire/artifacts/phase3b-settings/com.android.settings__0_TabletSettings.apk,034e39c02f80feba3974e76079fdab6af03ca67ad53fde0b46b07d493ad8ec86,com.android.settings,android.uid.system,1,false,false,OK
/Users/bob/Documents/Codex/2026-08-03-fire-os-7-framework-amazon-fire/artifacts/phase3b-settings/com.android.settings__0_TabletSettings.apk,034e39c02f80feba3974e76079fdab6af03ca67ad53fde0b46b07d493ad8ec86,com.android.settings,android.uid.system,1,false,false,PROTECTED_BROADCAST:com.amazon.settings.AUTO_TIME_ZONE_ENABLED
/Users/bob/Documents/Codex/2026-08-03-fire-os-7-framework-amazon-fire/artifacts/phase3b-settings-provider/com.android.providers.settings__0_SettingsProvider.apk,bc97aa63af6ec1f036f5ceff8df7deb3f6af0aaf7d205cb0ea0744b6a902f2ed,com.android.providers.settings,android.uid.system,0,false,false,OK
/Users/bob/Documents/Codex/2026-08-03-fire-os-7-framework-amazon-fire/artifacts/phase3b-systemui/com.android.systemui__0_TabletSystemUI.apk,9c75f1657c9e52b9f66287c1ff92a2dfc50a135d86de149cdb4ae2bb127cc4ee,com.android.systemui,android.uid.systemui,2,false,false,OK
/Users/bob/Documents/Codex/2026-08-03-fire-os-7-framework-amazon-fire/artifacts/phase3b-systemui/com.android.systemui__0_TabletSystemUI.apk,9c75f1657c9e52b9f66287c1ff92a2dfc50a135d86de149cdb4ae2bb127cc4ee,com.android.systemui,android.uid.systemui,2,false,false,PROTECTED_BROADCAST:com.android.settingslib.action.REGISTER_SLICE_RECEIVER
/Users/bob/Documents/Codex/2026-08-03-fire-os-7-framework-amazon-fire/artifacts/phase3b-systemui/com.android.systemui__0_TabletSystemUI.apk,9c75f1657c9e52b9f66287c1ff92a2dfc50a135d86de149cdb4ae2bb127cc4ee,com.android.systemui,android.uid.systemui,2,false,false,PROTECTED_BROADCAST:com.android.settingslib.action.UNREGISTER_SLICE_RECEIVER
/Users/bob/Documents/Codex/2026-08-03-fire-os-7-framework-amazon-fire/artifacts/phase6ac/android-amazon-perm-device-20260805-01/android.amazon.perm.apk,5b72bdfcfb91b28d2c751e548f60d406de5c3cbb235e47e232014abdebcdc058,android.amazon.perm,android.uid.system,158,true,true,OK
/Users/bob/Documents/Codex/2026-08-03-fire-os-7-framework-amazon-fire/artifacts/phase6ac/android-amazon-perm-device-20260805-01/android.amazon.perm.apk,5b72bdfcfb91b28d2c751e548f60d406de5c3cbb235e47e232014abdebcdc058,android.amazon.perm,android.uid.system,158,false,true,PROTECTED_BROADCAST:com.amazon.slider.event
/Users/bob/Documents/Codex/2026-08-03-fire-os-7-framework-amazon-fire/artifacts/phase6ac/android-amazon-perm-device-20260805-01/android.amazon.perm.apk,5b72bdfcfb91b28d2c751e548f60d406de5c3cbb235e47e232014abdebcdc058,android.amazon.perm,android.uid.system,158,false,true,PROTECTED_BROADCAST:com.amazon.paddleup.switch.action
/Users/bob/Documents/Codex/2026-08-03-fire-os-7-framework-amazon-fire/artifacts/phase6ac/android-amazon-perm-device-20260805-01/android.amazon.perm.apk,5b72bdfcfb91b28d2c751e548f60d406de5c3cbb235e47e232014abdebcdc058,android.amazon.perm,android.uid.system,158,false,true,PROTECTED_BROADCAST:com.amazon.paddledown.switch.action
/Users/bob/Documents/Codex/2026-08-03-fire-os-7-framework-amazon-fire/artifacts/phase6ac/android-amazon-perm-device-20260805-01/android.amazon.perm.apk,5b72bdfcfb91b28d2c751e548f60d406de5c3cbb235e47e232014abdebcdc058,android.amazon.perm,android.uid.system,158,false,true,PROTECTED_BROADCAST:com.amazon.tv.action.HOME_LONGPRESSED
/Users/bob/Documents/Codex/2026-08-03-fire-os-7-framework-amazon-fire/artifacts/phase6ac/android-amazon-perm-device-20260805-01/android.amazon.perm.apk,5b72bdfcfb91b28d2c751e548f60d406de5c3cbb235e47e232014abdebcdc058,android.amazon.perm,android.uid.system,158,false,true,PROTECTED_BROADCAST:com.amazon.tv.action.CHILD_HOME_LONGPRESSED
/Users/bob/Documents/Codex/2026-08-03-fire-os-7-framework-amazon-fire/artifacts/phase6ac/android-amazon-perm-device-20260805-01/android.amazon.perm.apk,5b72bdfcfb91b28d2c751e548f60d406de5c3cbb235e47e232014abdebcdc058,android.amazon.perm,android.uid.system,158,false,true,PROTECTED_BROADCAST:amazon.intent.action.DTC
/Users/bob/Documents/Codex/2026-08-03-fire-os-7-framework-amazon-fire/artifacts/phase6ac/android-amazon-perm-device-20260805-01/android.amazon.perm.apk,5b72bdfcfb91b28d2c751e548f60d406de5c3cbb235e47e232014abdebcdc058,android.amazon.perm,android.uid.system,158,true,true,PROTECTED_BROADCAST:amazon.intent.action.BOOT_AFTER_SYSTEM_OTA
/Users/bob/Documents/Codex/2026-08-03-fire-os-7-framework-amazon-fire/artifacts/phase6ac/android-amazon-perm-device-20260805-01/android.amazon.perm.apk,5b72bdfcfb91b28d2c751e548f60d406de5c3cbb235e47e232014abdebcdc058,android.amazon.perm,android.uid.system,158,false,true,PROTECTED_BROADCAST:com.amazon.android.service.ota.PingPongOTASystemService.action.OTA_INSTALL_SUCCESS
/Users/bob/Documents/Codex/2026-08-03-fire-os-7-framework-amazon-fire/artifacts/phase6ac/android-amazon-perm-device-20260805-01/android.amazon.perm.apk,5b72bdfcfb91b28d2c751e548f60d406de5c3cbb235e47e232014abdebcdc058,android.amazon.perm,android.uid.system,158,false,true,PROTECTED_BROADCAST:com.amazon.android.service.ota.PingPongOTASystemService.action.OTA_INSTALL_FAILURE
/Users/bob/Documents/Codex/2026-08-03-fire-os-7-framework-amazon-fire/artifacts/phase6ac/android-amazon-perm-device-20260805-01/android.amazon.perm.apk,5b72bdfcfb91b28d2c751e548f60d406de5c3cbb235e47e232014abdebcdc058,android.amazon.perm,android.uid.system,158,false,true,PROTECTED_BROADCAST:com.amazon.android.service.wifi.DEVICE_ONLINE
/Users/bob/Documents/Codex/2026-08-03-fire-os-7-framework-amazon-fire/artifacts/phase6ac/android-amazon-perm-device-20260805-01/android.amazon.perm.apk,5b72bdfcfb91b28d2c751e548f60d406de5c3cbb235e47e232014abdebcdc058,android.amazon.perm,android.uid.system,158,false,true,PROTECTED_BROADCAST:com.amazon.android.service.wifi.DEVICE_OFFLINE
/Users/bob/Documents/Codex/2026-08-03-fire-os-7-framework-amazon-fire/artifacts/phase6ac/android-amazon-perm-device-20260805-01/android.amazon.perm.apk,5b72bdfcfb91b28d2c751e548f60d406de5c3cbb235e47e232014abdebcdc058,android.amazon.perm,android.uid.system,158,false,true,PROTECTED_BROADCAST:com.amazon.android.service.wifi.DEVICE_FOUND
/Users/bob/Documents/Codex/2026-08-03-fire-os-7-framework-amazon-fire/artifacts/phase6ac/android-amazon-perm-device-20260805-01/android.amazon.perm.apk,5b72bdfcfb91b28d2c751e548f60d406de5c3cbb235e47e232014abdebcdc058,android.amazon.perm,android.uid.system,158,false,true,PROTECTED_BROADCAST:com.amazon.android.service.wifi.DISCOVERY_STARTED
/Users/bob/Documents/Codex/2026-08-03-fire-os-7-framework-amazon-fire/artifacts/phase6ac/android-amazon-perm-device-20260805-01/android.amazon.perm.apk,5b72bdfcfb91b28d2c751e548f60d406de5c3cbb235e47e232014abdebcdc058,android.amazon.perm,android.uid.system,158,false,true,PROTECTED_BROADCAST:com.amazon.android.service.wifi.DISCOVERY_FINISHED
/Users/bob/Documents/Codex/2026-08-03-fire-os-7-framework-amazon-fire/artifacts/phase6ac/android-amazon-perm-device-20260805-01/android.amazon.perm.apk,5b72bdfcfb91b28d2c751e548f60d406de5c3cbb235e47e232014abdebcdc058,android.amazon.perm,android.uid.system,158,false,true,PROTECTED_BROADCAST:com.amazon.android.service.wifi.BATTERY_LEVEL_UPDATE
/Users/bob/Documents/Codex/2026-08-03-fire-os-7-framework-amazon-fire/artifacts/phase6ac/android-amazon-perm-device-20260805-01/android.amazon.perm.apk,5b72bdfcfb91b28d2c751e548f60d406de5c3cbb235e47e232014abdebcdc058,android.amazon.perm,android.uid.system,158,false,true,PROTECTED_BROADCAST:com.amazon.android.service.wifi.HEADPHONES_PLUGGED
/Users/bob/Documents/Codex/2026-08-03-fire-os-7-framework-amazon-fire/artifacts/phase6ac/android-amazon-perm-device-20260805-01/android.amazon.perm.apk,5b72bdfcfb91b28d2c751e548f60d406de5c3cbb235e47e232014abdebcdc058,android.amazon.perm,android.uid.system,158,false,true,PROTECTED_BROADCAST:com.amazon.android.service.wifi.CONNECTION_STATUS
/Users/bob/Documents/Codex/2026-08-03-fire-os-7-framework-amazon-fire/artifacts/phase6ac/android-amazon-perm-device-20260805-01/android.amazon.perm.apk,5b72bdfcfb91b28d2c751e548f60d406de5c3cbb235e47e232014abdebcdc058,android.amazon.perm,android.uid.system,158,false,true,PROTECTED_BROADCAST:com.amazon.android.service.wifi.BOND_STATUS
/Users/bob/Documents/Codex/2026-08-03-fire-os-7-framework-amazon-fire/artifacts/phase6ac/android-amazon-perm-device-20260805-01/android.amazon.perm.apk,5b72bdfcfb91b28d2c751e548f60d406de5c3cbb235e47e232014abdebcdc058,android.amazon.perm,android.uid.system,158,false,true,PROTECTED_BROADCAST:amazon.intent.action.USER_SWITCH_BACKGROUND
/Users/bob/Documents/Codex/2026-08-03-fire-os-7-framework-amazon-fire/artifacts/phase6ac/android-amazon-perm-device-20260805-01/android.amazon.perm.apk,5b72bdfcfb91b28d2c751e548f60d406de5c3cbb235e47e232014abdebcdc058,android.amazon.perm,android.uid.system,158,false,true,PROTECTED_BROADCAST:amazon.intent.action.USER_SWITCH_FOREGROUND
/Users/bob/Documents/Codex/2026-08-03-fire-os-7-framework-amazon-fire/artifacts/phase6ac/android-amazon-perm-device-20260805-01/android.amazon.perm.apk,5b72bdfcfb91b28d2c751e548f60d406de5c3cbb235e47e232014abdebcdc058,android.amazon.perm,android.uid.system,158,false,true,PROTECTED_BROADCAST:android.hardware.hdmi.action.OSD_MESSAGE
/Users/bob/Documents/Codex/2026-08-03-fire-os-7-framework-amazon-fire/artifacts/phase6ac/android-amazon-perm-device-20260805-01/android.amazon.perm.apk,5b72bdfcfb91b28d2c751e548f60d406de5c3cbb235e47e232014abdebcdc058,android.amazon.perm,android.uid.system,158,false,true,PROTECTED_BROADCAST:com.amazon.android.service.smartsuspend.ACTION
/Users/bob/Documents/Codex/2026-08-03-fire-os-7-framework-amazon-fire/artifacts/phase6ac/android-amazon-perm-device-20260805-01/android.amazon.perm.apk,5b72bdfcfb91b28d2c751e548f60d406de5c3cbb235e47e232014abdebcdc058,android.amazon.perm,android.uid.system,158,false,true,PROTECTED_BROADCAST:com.amazon.android.service.smartsuspend.AwayDetector.ACTION
/Users/bob/Documents/Codex/2026-08-03-fire-os-7-framework-amazon-fire/artifacts/phase6ac/android-amazon-perm-device-20260805-01/android.amazon.perm.apk,5b72bdfcfb91b28d2c751e548f60d406de5c3cbb235e47e232014abdebcdc058,android.amazon.perm,android.uid.system,158,false,true,PROTECTED_BROADCAST:com.amazon.smartsuspend.smartusagescheduleprovider.action.PENALTY_ALARM
/Users/bob/Documents/Codex/2026-08-03-fire-os-7-framework-amazon-fire/artifacts/phase6ac/android-amazon-perm-device-20260805-01/android.amazon.perm.apk,5b72bdfcfb91b28d2c751e548f60d406de5c3cbb235e47e232014abdebcdc058,android.amazon.perm,android.uid.system,158,false,true,PROTECTED_BROADCAST:com.amazon.smartsuspend.networkmodule.action.AUTOWIFI_ALARM
/Users/bob/Documents/Codex/2026-08-03-fire-os-7-framework-amazon-fire/artifacts/phase6ac/android-amazon-perm-device-20260805-01/android.amazon.perm.apk,5b72bdfcfb91b28d2c751e548f60d406de5c3cbb235e47e232014abdebcdc058,android.amazon.perm,android.uid.system,158,false,true,PROTECTED_BROADCAST:com.amazon.smartsuspend.networkmodule.action.RADIO_ON
/Users/bob/Documents/Codex/2026-08-03-fire-os-7-framework-amazon-fire/artifacts/phase6ac/android-amazon-perm-device-20260805-01/android.amazon.perm.apk,5b72bdfcfb91b28d2c751e548f60d406de5c3cbb235e47e232014abdebcdc058,android.amazon.perm,android.uid.system,158,false,true,PROTECTED_BROADCAST:com.amazon.smartsuspend.networkmodule.action.RADIO_OFF
/Users/bob/Documents/Codex/2026-08-03-fire-os-7-framework-amazon-fire/artifacts/phase6ac/android-amazon-perm-device-20260805-01/android.amazon.perm.apk,5b72bdfcfb91b28d2c751e548f60d406de5c3cbb235e47e232014abdebcdc058,android.amazon.perm,android.uid.system,158,false,true,PROTECTED_BROADCAST:amazon.intent.action.ACTION_MOONLIGHT_STATE
/Users/bob/Documents/Codex/2026-08-03-fire-os-7-framework-amazon-fire/artifacts/phase6ac/android-amazon-perm-device-20260805-01/android.amazon.perm.apk,5b72bdfcfb91b28d2c751e548f60d406de5c3cbb235e47e232014abdebcdc058,android.amazon.perm,android.uid.system,158,false,true,PROTECTED_BROADCAST:amazon.speech.START_INTERACTION
/Users/bob/Documents/Codex/2026-08-03-fire-os-7-framework-amazon-fire/artifacts/phase6ac/android-amazon-perm-device-20260805-01/android.amazon.perm.apk,5b72bdfcfb91b28d2c751e548f60d406de5c3cbb235e47e232014abdebcdc058,android.amazon.perm,android.uid.system,158,false,true,PROTECTED_BROADCAST:amazon.speech.VOICE_INTERACTION
/Users/bob/Documents/Codex/2026-08-03-fire-os-7-framework-amazon-fire/artifacts/phase6ac/android-amazon-perm-device-20260805-01/android.amazon.perm.apk,5b72bdfcfb91b28d2c751e548f60d406de5c3cbb235e47e232014abdebcdc058,android.amazon.perm,android.uid.system,158,false,true,PROTECTED_BROADCAST:amazon.speech.END_INTERACTION
/Users/bob/Documents/Codex/2026-08-03-fire-os-7-framework-amazon-fire/artifacts/phase6ac/android-amazon-perm-device-20260805-01/android.amazon.perm.apk,5b72bdfcfb91b28d2c751e548f60d406de5c3cbb235e47e232014abdebcdc058,android.amazon.perm,android.uid.system,158,false,true,PROTECTED_BROADCAST:com.amazon.speech.CONNECTIVITY_ACTION
/Users/bob/Documents/Codex/2026-08-03-fire-os-7-framework-amazon-fire/artifacts/phase6ac/android-amazon-perm-device-20260805-01/android.amazon.perm.apk,5b72bdfcfb91b28d2c751e548f60d406de5c3cbb235e47e232014abdebcdc058,android.amazon.perm,android.uid.system,158,false,true,PROTECTED_BROADCAST:amazon.speech.USER_ACTIVE
/Users/bob/Documents/Codex/2026-08-03-fire-os-7-framework-amazon-fire/artifacts/phase6ac/android-amazon-perm-device-20260805-01/android.amazon.perm.apk,5b72bdfcfb91b28d2c751e548f60d406de5c3cbb235e47e232014abdebcdc058,android.amazon.perm,android.uid.system,158,false,true,PROTECTED_BROADCAST:amazon.speech.USER_INACTIVE
/Users/bob/Documents/Codex/2026-08-03-fire-os-7-framework-amazon-fire/artifacts/phase6ac/android-amazon-perm-device-20260805-01/android.amazon.perm.apk,5b72bdfcfb91b28d2c751e548f60d406de5c3cbb235e47e232014abdebcdc058,android.amazon.perm,android.uid.system,158,false,true,PROTECTED_BROADCAST:amazon.speech.intent.action.END_POINT
/Users/bob/Documents/Codex/2026-08-03-fire-os-7-framework-amazon-fire/artifacts/phase6ac/android-amazon-perm-device-20260805-01/android.amazon.perm.apk,5b72bdfcfb91b28d2c751e548f60d406de5c3cbb235e47e232014abdebcdc058,android.amazon.perm,android.uid.system,158,false,true,PROTECTED_BROADCAST:amazon.speech.intent.action.RECEIVE_UTTERANCE
/Users/bob/Documents/Codex/2026-08-03-fire-os-7-framework-amazon-fire/artifacts/phase6ac/android-amazon-perm-device-20260805-01/android.amazon.perm.apk,5b72bdfcfb91b28d2c751e548f60d406de5c3cbb235e47e232014abdebcdc058,android.amazon.perm,android.uid.system,158,false,true,PROTECTED_BROADCAST:amazon.intent.action.PAIRING_MODE
/Users/bob/Documents/Codex/2026-08-03-fire-os-7-framework-amazon-fire/artifacts/phase6ac/android-amazon-perm-device-20260805-01/android.amazon.perm.apk,5b72bdfcfb91b28d2c751e548f60d406de5c3cbb235e47e232014abdebcdc058,android.amazon.perm,android.uid.system,158,false,true,PROTECTED_BROADCAST:amazon.intent.action.ACTION_PREPARE_SHUTDOWN
/Users/bob/Documents/Codex/2026-08-03-fire-os-7-framework-amazon-fire/artifacts/phase6ac/android-amazon-perm-device-20260805-01/android.amazon.perm.apk,5b72bdfcfb91b28d2c751e548f60d406de5c3cbb235e47e232014abdebcdc058,android.amazon.perm,android.uid.system,158,false,true,PROTECTED_BROADCAST:amazon.intent.action.HOME_PRESSED
/Users/bob/Documents/Codex/2026-08-03-fire-os-7-framework-amazon-fire/artifacts/phase6ac/android-amazon-perm-device-20260805-01/android.amazon.perm.apk,5b72bdfcfb91b28d2c751e548f60d406de5c3cbb235e47e232014abdebcdc058,android.amazon.perm,android.uid.system,158,false,true,PROTECTED_BROADCAST:amazon.intent.action.HOME_DOUBLE_PRESSED
/Users/bob/Documents/Codex/2026-08-03-fire-os-7-framework-amazon-fire/artifacts/phase6ac/android-amazon-perm-device-20260805-01/android.amazon.perm.apk,5b72bdfcfb91b28d2c751e548f60d406de5c3cbb235e47e232014abdebcdc058,android.amazon.perm,android.uid.system,158,false,true,PROTECTED_BROADCAST:com.amazon.device.intent.PLAYER_CHANGE
/Users/bob/Documents/Codex/2026-08-03-fire-os-7-framework-amazon-fire/artifacts/phase6ac/android-amazon-perm-device-20260805-01/android.amazon.perm.apk,5b72bdfcfb91b28d2c751e548f60d406de5c3cbb235e47e232014abdebcdc058,android.amazon.perm,android.uid.system,158,false,true,PROTECTED_BROADCAST:com.amazon.android.service.SMARTCONNECT_CHANGE
/Users/bob/Documents/Codex/2026-08-03-fire-os-7-framework-amazon-fire/artifacts/phase6ac/android-amazon-perm-device-20260805-01/android.amazon.perm.apk,5b72bdfcfb91b28d2c751e548f60d406de5c3cbb235e47e232014abdebcdc058,android.amazon.perm,android.uid.system,158,false,true,PROTECTED_BROADCAST:android.net.wifi.EAP_AUTH_FAILED
/Users/bob/Documents/Codex/2026-08-03-fire-os-7-framework-amazon-fire/artifacts/phase6ac/android-amazon-perm-device-20260805-01/android.amazon.perm.apk,5b72bdfcfb91b28d2c751e548f60d406de5c3cbb235e47e232014abdebcdc058,android.amazon.perm,android.uid.system,158,false,true,PROTECTED_BROADCAST:amazon.tv.action.HOME_INPUT_SOURCE_CHANGED
/Users/bob/Documents/Codex/2026-08-03-fire-os-7-framework-amazon-fire/artifacts/phase6ac/android-amazon-perm-device-20260805-01/android.amazon.perm.apk,5b72bdfcfb91b28d2c751e548f60d406de5c3cbb235e47e232014abdebcdc058,android.amazon.perm,android.uid.system,158,false,true,PROTECTED_BROADCAST:amazon.tv.action.OTP_INPUT_SOURCE_CHANGED
/Users/bob/Documents/Codex/2026-08-03-fire-os-7-framework-amazon-fire/artifacts/phase6ac/android-amazon-perm-device-20260805-01/android.amazon.perm.apk,5b72bdfcfb91b28d2c751e548f60d406de5c3cbb235e47e232014abdebcdc058,android.amazon.perm,android.uid.system,158,false,true,PROTECTED_BROADCAST:amazon.tv.action.ARC_INPUT_SOURCE_CHANGED
/Users/bob/Documents/Codex/2026-08-03-fire-os-7-framework-amazon-fire/artifacts/phase6ac/android-amazon-perm-device-20260805-01/android.amazon.perm.apk,5b72bdfcfb91b28d2c751e548f60d406de5c3cbb235e47e232014abdebcdc058,android.amazon.perm,android.uid.system,158,false,true,PROTECTED_BROADCAST:amazon.tv.action.HDMI_DVI_MODE
/Users/bob/Documents/Codex/2026-08-03-fire-os-7-framework-amazon-fire/artifacts/phase6ac/android-amazon-perm-device-20260805-01/android.amazon.perm.apk,5b72bdfcfb91b28d2c751e548f60d406de5c3cbb235e47e232014abdebcdc058,android.amazon.perm,android.uid.system,158,false,true,PROTECTED_BROADCAST:com.amazon.intent.USB_MTP_CLOSED
/Users/bob/Documents/Codex/2026-08-03-fire-os-7-framework-amazon-fire/artifacts/phase6ac/android-amazon-perm-device-20260805-01/android.amazon.perm.apk,5b72bdfcfb91b28d2c751e548f60d406de5c3cbb235e47e232014abdebcdc058,android.amazon.perm,android.uid.system,158,false,true,PROTECTED_BROADCAST:android.media.AUDIO_SINK_CHANGED
/Users/bob/Documents/Codex/2026-08-03-fire-os-7-framework-amazon-fire/artifacts/phase6ac/android-amazon-perm-device-20260805-01/android.amazon.perm.apk,5b72bdfcfb91b28d2c751e548f60d406de5c3cbb235e47e232014abdebcdc058,android.amazon.perm,android.uid.system,158,false,true,PROTECTED_BROADCAST:com.amazon.action.PACKAGE_RECENCY_NOTIFICATION
/Users/bob/Documents/Codex/2026-08-03-fire-os-7-framework-amazon-fire/artifacts/phase6ac/android-amazon-perm-device-20260805-01/android.amazon.perm.apk,5b72bdfcfb91b28d2c751e548f60d406de5c3cbb235e47e232014abdebcdc058,android.amazon.perm,android.uid.system,158,false,true,PROTECTED_BROADCAST:amazon.intent.action.THERMAL_EVENT
/Users/bob/Documents/Codex/2026-08-03-fire-os-7-framework-amazon-fire/artifacts/phase6ac/android-amazon-perm-device-20260805-01/android.amazon.perm.apk,5b72bdfcfb91b28d2c751e548f60d406de5c3cbb235e47e232014abdebcdc058,android.amazon.perm,android.uid.system,158,false,true,PROTECTED_BROADCAST:amazon.intent.action.THERMAL_MITIGATION
/Users/bob/Documents/Codex/2026-08-03-fire-os-7-framework-amazon-fire/artifacts/phase6ac/android-amazon-perm-device-20260805-01/android.amazon.perm.apk,5b72bdfcfb91b28d2c751e548f60d406de5c3cbb235e47e232014abdebcdc058,android.amazon.perm,android.uid.system,158,false,true,PROTECTED_BROADCAST:com.amazon.tv.ime.action.VOICE_INPUT
/Users/bob/Documents/Codex/2026-08-03-fire-os-7-framework-amazon-fire/artifacts/phase6ac/android-amazon-perm-device-20260805-01/android.amazon.perm.apk,5b72bdfcfb91b28d2c751e548f60d406de5c3cbb235e47e232014abdebcdc058,android.amazon.perm,android.uid.system,158,false,true,PROTECTED_BROADCAST:com.amazon.tv.alm.action.KEY_INFO
/Users/bob/Documents/Codex/2026-08-03-fire-os-7-framework-amazon-fire/artifacts/phase6ac/android-amazon-perm-device-20260805-01/android.amazon.perm.apk,5b72bdfcfb91b28d2c751e548f60d406de5c3cbb235e47e232014abdebcdc058,android.amazon.perm,android.uid.system,158,false,true,PROTECTED_BROADCAST:amazon.intent.action.WAKELOCK_RELEASED
/Users/bob/Documents/Codex/2026-08-03-fire-os-7-framework-amazon-fire/artifacts/phase6ac/android-amazon-perm-device-20260805-01/android.amazon.perm.apk,5b72bdfcfb91b28d2c751e548f60d406de5c3cbb235e47e232014abdebcdc058,android.amazon.perm,android.uid.system,158,false,true,PROTECTED_BROADCAST:amazon.intent.action.WAKELOCK_ACQUIRED
/Users/bob/Documents/Codex/2026-08-03-fire-os-7-framework-amazon-fire/artifacts/phase6ac/android-amazon-perm-device-20260805-01/android.amazon.perm.apk,5b72bdfcfb91b28d2c751e548f60d406de5c3cbb235e47e232014abdebcdc058,android.amazon.perm,android.uid.system,158,false,true,PROTECTED_BROADCAST:amazon.intent.action.HDCP_STATE_CHANGED
/Users/bob/Documents/Codex/2026-08-03-fire-os-7-framework-amazon-fire/artifacts/phase6ac/android-amazon-perm-device-20260805-01/android.amazon.perm.apk,5b72bdfcfb91b28d2c751e548f60d406de5c3cbb235e47e232014abdebcdc058,android.amazon.perm,android.uid.system,158,false,true,PROTECTED_BROADCAST:com.amazon.fireos.service.timeservice.clock.TIME_SYNC
/Users/bob/Documents/Codex/2026-08-03-fire-os-7-framework-amazon-fire/artifacts/phase6ac/android-amazon-perm-device-20260805-01/android.amazon.perm.apk,5b72bdfcfb91b28d2c751e548f60d406de5c3cbb235e47e232014abdebcdc058,android.amazon.perm,android.uid.system,158,false,true,PROTECTED_BROADCAST:com.amazon.intent.action.HDMI_PLUGGED
/Users/bob/Documents/Codex/2026-08-03-fire-os-7-framework-amazon-fire/artifacts/phase6ac/android-amazon-perm-device-20260805-01/android.amazon.perm.apk,5b72bdfcfb91b28d2c751e548f60d406de5c3cbb235e47e232014abdebcdc058,android.amazon.perm,android.uid.system,158,false,true,PROTECTED_BROADCAST:com.android.server.SystemService.PingPongOTASystemService.action.UPDATED_NEED_REBOOT
/Users/bob/Documents/Codex/2026-08-03-fire-os-7-framework-amazon-fire/artifacts/phase6ac/android-amazon-perm-device-20260805-01/android.amazon.perm.apk,5b72bdfcfb91b28d2c751e548f60d406de5c3cbb235e47e232014abdebcdc058,android.amazon.perm,android.uid.system,158,false,true,PROTECTED_BROADCAST:amazon.intent.action.ACTION_BUTTON_PRESSED
/Users/bob/Documents/Codex/2026-08-03-fire-os-7-framework-amazon-fire/artifacts/phase6ac/android-amazon-perm-device-20260805-01/android.amazon.perm.apk,5b72bdfcfb91b28d2c751e548f60d406de5c3cbb235e47e232014abdebcdc058,android.amazon.perm,android.uid.system,158,false,true,PROTECTED_BROADCAST:com.amazon.ledcontroller.ACTION_FAST_BLINK
/Users/bob/Documents/Codex/2026-08-03-fire-os-7-framework-amazon-fire/artifacts/phase6ac/android-amazon-perm-device-20260805-01/android.amazon.perm.apk,5b72bdfcfb91b28d2c751e548f60d406de5c3cbb235e47e232014abdebcdc058,android.amazon.perm,android.uid.system,158,false,true,PROTECTED_BROADCAST:com.amazon.ledcontroller.ACTION_STAND_BY
/Users/bob/Documents/Codex/2026-08-03-fire-os-7-framework-amazon-fire/artifacts/phase6ac/android-amazon-perm-device-20260805-01/android.amazon.perm.apk,5b72bdfcfb91b28d2c751e548f60d406de5c3cbb235e47e232014abdebcdc058,android.amazon.perm,android.uid.system,158,false,true,PROTECTED_BROADCAST:com.amazon.tv.networkmonitor.INTERNET_UP
/Users/bob/Documents/Codex/2026-08-03-fire-os-7-framework-amazon-fire/artifacts/phase6ac/android-amazon-perm-device-20260805-01/android.amazon.perm.apk,5b72bdfcfb91b28d2c751e548f60d406de5c3cbb235e47e232014abdebcdc058,android.amazon.perm,android.uid.system,158,false,true,PROTECTED_BROADCAST:com.amazon.tv.networkmonitor.INTERNET_DOWN
/Users/bob/Documents/Codex/2026-08-03-fire-os-7-framework-amazon-fire/artifacts/phase6ac/android-amazon-perm-device-20260805-01/android.amazon.perm.apk,5b72bdfcfb91b28d2c751e548f60d406de5c3cbb235e47e232014abdebcdc058,android.amazon.perm,android.uid.system,158,false,true,PROTECTED_BROADCAST:amazon.intent.action.ACTION_PACKAGE_INSTALL_FAIL
/Users/bob/Documents/Codex/2026-08-03-fire-os-7-framework-amazon-fire/artifacts/phase6ac/android-amazon-perm-device-20260805-01/android.amazon.perm.apk,5b72bdfcfb91b28d2c751e548f60d406de5c3cbb235e47e232014abdebcdc058,android.amazon.perm,android.uid.system,158,false,true,PROTECTED_BROADCAST:amazon.intent.action.VOLUME_CHANGED
/Users/bob/Documents/Codex/2026-08-03-fire-os-7-framework-amazon-fire/artifacts/phase6ac/android-amazon-perm-device-20260805-01/android.amazon.perm.apk,5b72bdfcfb91b28d2c751e548f60d406de5c3cbb235e47e232014abdebcdc058,android.amazon.perm,android.uid.system,158,false,true,PROTECTED_BROADCAST:com.amazon.volumering.event
/Users/bob/Documents/Codex/2026-08-03-fire-os-7-framework-amazon-fire/artifacts/phase6ac/android-amazon-perm-device-20260805-01/android.amazon.perm.apk,5b72bdfcfb91b28d2c751e548f60d406de5c3cbb235e47e232014abdebcdc058,android.amazon.perm,android.uid.system,158,false,true,PROTECTED_BROADCAST:android.os.action.REBOOT_NECESSARY_TRUE
/Users/bob/Documents/Codex/2026-08-03-fire-os-7-framework-amazon-fire/artifacts/phase6ac/android-amazon-perm-device-20260805-01/android.amazon.perm.apk,5b72bdfcfb91b28d2c751e548f60d406de5c3cbb235e47e232014abdebcdc058,android.amazon.perm,android.uid.system,158,false,true,PROTECTED_BROADCAST:android.os.action.FORCE_UPDATE_TRUE
/Users/bob/Documents/Codex/2026-08-03-fire-os-7-framework-amazon-fire/artifacts/phase6ac/android-amazon-perm-device-20260805-01/android.amazon.perm.apk,5b72bdfcfb91b28d2c751e548f60d406de5c3cbb235e47e232014abdebcdc058,android.amazon.perm,android.uid.system,158,false,true,PROTECTED_BROADCAST:android.os.action.FORCE_UPDATE_FALSE
/Users/bob/Documents/Codex/2026-08-03-fire-os-7-framework-amazon-fire/artifacts/phase6ac/android-amazon-perm-device-20260805-01/android.amazon.perm.apk,5b72bdfcfb91b28d2c751e548f60d406de5c3cbb235e47e232014abdebcdc058,android.amazon.perm,android.uid.system,158,false,true,PROTECTED_BROADCAST:com.lab126.intent.action.FORCE_OTA_DOWNLOAD_STATUS_CHANGED_ACTION
/Users/bob/Documents/Codex/2026-08-03-fire-os-7-framework-amazon-fire/artifacts/phase6ac/android-amazon-perm-device-20260805-01/android.amazon.perm.apk,5b72bdfcfb91b28d2c751e548f60d406de5c3cbb235e47e232014abdebcdc058,android.amazon.perm,android.uid.system,158,false,true,PROTECTED_BROADCAST:com.amazon.dcp.sso.action.AmazonAccountPropertyService.property.changed
/Users/bob/Documents/Codex/2026-08-03-fire-os-7-framework-amazon-fire/artifacts/phase6ac/android-amazon-perm-device-20260805-01/android.amazon.perm.apk,5b72bdfcfb91b28d2c751e548f60d406de5c3cbb235e47e232014abdebcdc058,android.amazon.perm,android.uid.system,158,false,true,PROTECTED_BROADCAST:com.amazon.dcp.sso.broadcast.CORPFMHasChanged
/Users/bob/Documents/Codex/2026-08-03-fire-os-7-framework-amazon-fire/artifacts/phase6ac/android-amazon-perm-device-20260805-01/android.amazon.perm.apk,5b72bdfcfb91b28d2c751e548f60d406de5c3cbb235e47e232014abdebcdc058,android.amazon.perm,android.uid.system,158,false,true,PROTECTED_BROADCAST:com.amazon.intent.COMMUNICATION_SERVICE_INITIALIZED
/Users/bob/Documents/Codex/2026-08-03-fire-os-7-framework-amazon-fire/artifacts/phase6ac/android-amazon-perm-device-20260805-01/android.amazon.perm.apk,5b72bdfcfb91b28d2c751e548f60d406de5c3cbb235e47e232014abdebcdc058,android.amazon.perm,android.uid.system,158,false,true,PROTECTED_BROADCAST:amazon.communication.action.HANDLE_TCOMM_MESSAGE
/Users/bob/Documents/Codex/2026-08-03-fire-os-7-framework-amazon-fire/artifacts/phase6ac/android-amazon-perm-device-20260805-01/android.amazon.perm.apk,5b72bdfcfb91b28d2c751e548f60d406de5c3cbb235e47e232014abdebcdc058,android.amazon.perm,android.uid.system,158,false,true,PROTECTED_BROADCAST:WifiMetricsHeartbeat
/Users/bob/Documents/Codex/2026-08-03-fire-os-7-framework-amazon-fire/artifacts/phase6ac/android-amazon-perm-device-20260805-01/android.amazon.perm.apk,5b72bdfcfb91b28d2c751e548f60d406de5c3cbb235e47e232014abdebcdc058,android.amazon.perm,android.uid.system,158,false,true,PROTECTED_BROADCAST:com.amazon.tv.devicecontrol.ACTIVE
/Users/bob/Documents/Codex/2026-08-03-fire-os-7-framework-amazon-fire/artifacts/phase6ac/android-amazon-perm-device-20260805-01/android.amazon.perm.apk,5b72bdfcfb91b28d2c751e548f60d406de5c3cbb235e47e232014abdebcdc058,android.amazon.perm,android.uid.system,158,false,true,PROTECTED_BROADCAST:com.amazon.tv.devicecontrol.INACTIVE
/Users/bob/Documents/Codex/2026-08-03-fire-os-7-framework-amazon-fire/artifacts/phase6ac/android-amazon-perm-device-20260805-01/android.amazon.perm.apk,5b72bdfcfb91b28d2c751e548f60d406de5c3cbb235e47e232014abdebcdc058,android.amazon.perm,android.uid.system,158,false,true,PROTECTED_BROADCAST:amazon.intent.action.TURN_TV_ON
/Users/bob/Documents/Codex/2026-08-03-fire-os-7-framework-amazon-fire/artifacts/phase6ac/android-amazon-perm-device-20260805-01/android.amazon.perm.apk,5b72bdfcfb91b28d2c751e548f60d406de5c3cbb235e47e232014abdebcdc058,android.amazon.perm,android.uid.system,158,false,true,PROTECTED_BROADCAST:com.android.systemui.tv.pip.SHOW_PIP_MENU
/Users/bob/Documents/Codex/2026-08-03-fire-os-7-framework-amazon-fire/artifacts/phase6ac/android-amazon-perm-device-20260805-01/android.amazon.perm.apk,5b72bdfcfb91b28d2c751e548f60d406de5c3cbb235e47e232014abdebcdc058,android.amazon.perm,android.uid.system,158,false,true,PROTECTED_BROADCAST:com.amazon.pip.app.MOVE_FULLSCREEN_PIP
/Users/bob/Documents/Codex/2026-08-03-fire-os-7-framework-amazon-fire/artifacts/phase6ac/android-amazon-perm-device-20260805-01/android.amazon.perm.apk,5b72bdfcfb91b28d2c751e548f60d406de5c3cbb235e47e232014abdebcdc058,android.amazon.perm,android.uid.system,158,false,true,PROTECTED_BROADCAST:com.amazon.pip.app.MOVE_FULLSCREEN_PIP
/Users/bob/Documents/Codex/2026-08-03-fire-os-7-framework-amazon-fire/artifacts/phase6ac/android-amazon-perm-device-20260805-01/android.amazon.perm.apk,5b72bdfcfb91b28d2c751e548f60d406de5c3cbb235e47e232014abdebcdc058,android.amazon.perm,android.uid.system,158,false,true,PROTECTED_BROADCAST:amazon.intent.action.ENTERING_STR_MODE
/Users/bob/Documents/Codex/2026-08-03-fire-os-7-framework-amazon-fire/artifacts/phase6ac/android-amazon-perm-device-20260805-01/android.amazon.perm.apk,5b72bdfcfb91b28d2c751e548f60d406de5c3cbb235e47e232014abdebcdc058,android.amazon.perm,android.uid.system,158,false,true,PROTECTED_BROADCAST:com.amazon.tv.action.ACTION_EXPLICIT_ACTIVATE
/Users/bob/Documents/Codex/2026-08-03-fire-os-7-framework-amazon-fire/artifacts/phase6ac/android-amazon-perm-device-20260805-01/android.amazon.perm.apk,5b72bdfcfb91b28d2c751e548f60d406de5c3cbb235e47e232014abdebcdc058,android.amazon.perm,android.uid.system,158,false,true,PROTECTED_BROADCAST:amazon.intent.action.IRBLASTER_PLUGGED
/Users/bob/Documents/Codex/2026-08-03-fire-os-7-framework-amazon-fire/artifacts/phase6ac/android-amazon-perm-device-20260805-01/android.amazon.perm.apk,5b72bdfcfb91b28d2c751e548f60d406de5c3cbb235e47e232014abdebcdc058,android.amazon.perm,android.uid.system,158,false,true,PROTECTED_BROADCAST:amazon.intent.action.NOTIFY_NO_NETWORK
/Users/bob/Documents/Codex/2026-08-03-fire-os-7-framework-amazon-fire/artifacts/phase6ac/android-amazon-perm-device-20260805-01/android.amazon.perm.apk,5b72bdfcfb91b28d2c751e548f60d406de5c3cbb235e47e232014abdebcdc058,android.amazon.perm,android.uid.system,158,false,true,PROTECTED_BROADCAST:com.amazon.tv.settings.BACKUP_AND_RESET_SETTINGS_FROM_REMOTE
/Users/bob/Documents/Codex/2026-08-03-fire-os-7-framework-amazon-fire/artifacts/phase6ac/android-amazon-perm-device-20260805-01/android.amazon.perm.apk,5b72bdfcfb91b28d2c751e548f60d406de5c3cbb235e47e232014abdebcdc058,android.amazon.perm,android.uid.system,158,false,true,PROTECTED_BROADCAST:com.amazon.tv.settings.BACKUP_AND_RESET_CANCELED
/Users/bob/Documents/Codex/2026-08-03-fire-os-7-framework-amazon-fire/artifacts/phase6ac/android-amazon-perm-device-20260805-01/android.amazon.perm.apk,5b72bdfcfb91b28d2c751e548f60d406de5c3cbb235e47e232014abdebcdc058,android.amazon.perm,android.uid.system,158,false,true,PROTECTED_BROADCAST:com.amazon.intent.action.RESOLUTION_SWITCHER
/Users/bob/Documents/Codex/2026-08-03-fire-os-7-framework-amazon-fire/artifacts/phase6ac/android-amazon-perm-device-20260805-01/android.amazon.perm.apk,5b72bdfcfb91b28d2c751e548f60d406de5c3cbb235e47e232014abdebcdc058,android.amazon.perm,android.uid.system,158,false,true,PROTECTED_BROADCAST:com.amazon.tv.action.SWITCH_INPUT
/Users/bob/Documents/Codex/2026-08-03-fire-os-7-framework-amazon-fire/artifacts/phase6ac/android-amazon-perm-device-20260805-01/android.amazon.perm.apk,5b72bdfcfb91b28d2c751e548f60d406de5c3cbb235e47e232014abdebcdc058,android.amazon.perm,android.uid.system,158,false,true,PROTECTED_BROADCAST:com.amazon.internal.intent.action.DEVICE_MEMORY_CHANGED
/Users/bob/Documents/Codex/2026-08-03-fire-os-7-framework-amazon-fire/artifacts/phase6ac/android-amazon-perm-device-20260805-01/android.amazon.perm.apk,5b72bdfcfb91b28d2c751e548f60d406de5c3cbb235e47e232014abdebcdc058,android.amazon.perm,android.uid.system,158,false,true,PROTECTED_BROADCAST:amazon.intent.action.ACTION_STORAGE_SPACE_THRESHOLD_REACHED
/Users/bob/Documents/Codex/2026-08-03-fire-os-7-framework-amazon-fire/artifacts/phase6ac/android-amazon-perm-device-20260805-01/android.amazon.perm.apk,5b72bdfcfb91b28d2c751e548f60d406de5c3cbb235e47e232014abdebcdc058,android.amazon.perm,android.uid.system,158,false,true,PROTECTED_BROADCAST:amazon.intent.action.DEVICE_STORAGE_LOW
/Users/bob/Documents/Codex/2026-08-03-fire-os-7-framework-amazon-fire/artifacts/phase6ac/android-amazon-perm-device-20260805-01/android.amazon.perm.apk,5b72bdfcfb91b28d2c751e548f60d406de5c3cbb235e47e232014abdebcdc058,android.amazon.perm,android.uid.system,158,false,true,PROTECTED_BROADCAST:amazon.intent.action.DEVICE_STORAGE_FULL
/Users/bob/Documents/Codex/2026-08-03-fire-os-7-framework-amazon-fire/artifacts/phase6ac/android-amazon-perm-device-20260805-01/android.amazon.perm.apk,5b72bdfcfb91b28d2c751e548f60d406de5c3cbb235e47e232014abdebcdc058,android.amazon.perm,android.uid.system,158,false,true,PROTECTED_BROADCAST:amazon.intent.action.DYNO_AUTO_APP_OFFLOAD_THRESHOLD_REACHED
/Users/bob/Documents/Codex/2026-08-03-fire-os-7-framework-amazon-fire/artifacts/phase6ac/android-amazon-perm-device-20260805-01/android.amazon.perm.apk,5b72bdfcfb91b28d2c751e548f60d406de5c3cbb235e47e232014abdebcdc058,android.amazon.perm,android.uid.system,158,false,true,PROTECTED_BROADCAST:com.amazon.configure.arcus.sync.package
/Users/bob/Documents/Codex/2026-08-03-fire-os-7-framework-amazon-fire/artifacts/phase6ac/android-amazon-perm-device-20260805-01/android.amazon.perm.apk,5b72bdfcfb91b28d2c751e548f60d406de5c3cbb235e47e232014abdebcdc058,android.amazon.perm,android.uid.system,158,false,true,PROTECTED_BROADCAST:com.amazon.speech.SipClient_BeginCall
/Users/bob/Documents/Codex/2026-08-03-fire-os-7-framework-amazon-fire/artifacts/phase6ac/android-amazon-perm-device-20260805-01/android.amazon.perm.apk,5b72bdfcfb91b28d2c751e548f60d406de5c3cbb235e47e232014abdebcdc058,android.amazon.perm,android.uid.system,158,false,true,PROTECTED_BROADCAST:com.amazon.speech.SipClient_EndCall
/Users/bob/Documents/Codex/2026-08-03-fire-os-7-framework-amazon-fire/artifacts/phase6ac/android-amazon-perm-device-20260805-01/android.amazon.perm.apk,5b72bdfcfb91b28d2c751e548f60d406de5c3cbb235e47e232014abdebcdc058,android.amazon.perm,android.uid.system,158,false,true,PROTECTED_BROADCAST:com.amazon.speech.SipClient_SendDTMF
/Users/bob/Documents/Codex/2026-08-03-fire-os-7-framework-amazon-fire/artifacts/phase6ac/android-amazon-perm-device-20260805-01/android.amazon.perm.apk,5b72bdfcfb91b28d2c751e548f60d406de5c3cbb235e47e232014abdebcdc058,android.amazon.perm,android.uid.system,158,false,true,PROTECTED_BROADCAST:com.amazon.speech.SipClient_EarlyAcceptCall
/Users/bob/Documents/Codex/2026-08-03-fire-os-7-framework-amazon-fire/artifacts/phase6ac/android-amazon-perm-device-20260805-01/android.amazon.perm.apk,5b72bdfcfb91b28d2c751e548f60d406de5c3cbb235e47e232014abdebcdc058,android.amazon.perm,android.uid.system,158,false,true,PROTECTED_BROADCAST:com.amazon.speech.SipClient_AcceptCall
/Users/bob/Documents/Codex/2026-08-03-fire-os-7-framework-amazon-fire/artifacts/phase6ac/android-amazon-perm-device-20260805-01/android.amazon.perm.apk,5b72bdfcfb91b28d2c751e548f60d406de5c3cbb235e47e232014abdebcdc058,android.amazon.perm,android.uid.system,158,false,true,PROTECTED_BROADCAST:com.amazon.speech.SipClient_ConfigureComms
/Users/bob/Documents/Codex/2026-08-03-fire-os-7-framework-amazon-fire/artifacts/phase6ac/android-amazon-perm-device-20260805-01/android.amazon.perm.apk,5b72bdfcfb91b28d2c751e548f60d406de5c3cbb235e47e232014abdebcdc058,android.amazon.perm,android.uid.system,158,false,true,PROTECTED_BROADCAST:com.amazon.speech.SipClient_SetCallMediaState
/Users/bob/Documents/Codex/2026-08-03-fire-os-7-framework-amazon-fire/artifacts/phase6ac/android-amazon-perm-device-20260805-01/android.amazon.perm.apk,5b72bdfcfb91b28d2c751e548f60d406de5c3cbb235e47e232014abdebcdc058,android.amazon.perm,android.uid.system,158,false,true,PROTECTED_BROADCAST:com.amazon.speech.SipClient_RingCall
/Users/bob/Documents/Codex/2026-08-03-fire-os-7-framework-amazon-fire/artifacts/phase6ac/android-amazon-perm-device-20260805-01/android.amazon.perm.apk,5b72bdfcfb91b28d2c751e548f60d406de5c3cbb235e47e232014abdebcdc058,android.amazon.perm,android.uid.system,158,false,true,PROTECTED_BROADCAST:com.amazon.speech.SipClient_IgnoreCal
/Users/bob/Documents/Codex/2026-08-03-fire-os-7-framework-amazon-fire/artifacts/phase6ac/android-amazon-perm-device-20260805-01/android.amazon.perm.apk,5b72bdfcfb91b28d2c751e548f60d406de5c3cbb235e47e232014abdebcdc058,android.amazon.perm,android.uid.system,158,false,true,PROTECTED_BROADCAST:com.amazon.speech.SipClient_Warmup
/Users/bob/Documents/Codex/2026-08-03-fire-os-7-framework-amazon-fire/artifacts/phase6ac/android-amazon-perm-device-20260805-01/android.amazon.perm.apk,5b72bdfcfb91b28d2c751e548f60d406de5c3cbb235e47e232014abdebcdc058,android.amazon.perm,android.uid.system,158,false,true,PROTECTED_BROADCAST:com.amazon.shared.storage.MIGRATE_DATA
/Users/bob/Documents/Codex/2026-08-03-fire-os-7-framework-amazon-fire/artifacts/phase6ac/android-amazon-perm-device-20260805-01/android.amazon.perm.apk,5b72bdfcfb91b28d2c751e548f60d406de5c3cbb235e47e232014abdebcdc058,android.amazon.perm,android.uid.system,158,false,true,PROTECTED_BROADCAST:amazon.bluetooth.device.action.IRK_PAIR_UPDATE
/Users/bob/Documents/Codex/2026-08-03-fire-os-7-framework-amazon-fire/artifacts/phase6ac/android-amazon-perm-device-20260805-01/android.amazon.perm.apk,5b72bdfcfb91b28d2c751e548f60d406de5c3cbb235e47e232014abdebcdc058,android.amazon.perm,android.uid.system,158,false,true,PROTECTED_BROADCAST:amazon.bluetooth.input.profile.action.BATTERY_REPORT_FOUND
/Users/bob/Documents/Codex/2026-08-03-fire-os-7-framework-amazon-fire/artifacts/phase6ac/android-amazon-perm-device-20260805-01/android.amazon.perm.apk,5b72bdfcfb91b28d2c751e548f60d406de5c3cbb235e47e232014abdebcdc058,android.amazon.perm,android.uid.system,158,false,true,PROTECTED_BROADCAST:amazon.bluetooth.input.profile.action.BATTERY_LEVEL_UPDATE
/Users/bob/Documents/Codex/2026-08-03-fire-os-7-framework-amazon-fire/artifacts/phase6ac/android-amazon-perm-device-20260805-01/android.amazon.perm.apk,5b72bdfcfb91b28d2c751e548f60d406de5c3cbb235e47e232014abdebcdc058,android.amazon.perm,android.uid.system,158,false,true,PROTECTED_BROADCAST:amazon.bluetooth.input.profile.action.HID_REACH_LIMIT
/Users/bob/Documents/Codex/2026-08-03-fire-os-7-framework-amazon-fire/artifacts/phase6ac/android-amazon-perm-device-20260805-01/android.amazon.perm.apk,5b72bdfcfb91b28d2c751e548f60d406de5c3cbb235e47e232014abdebcdc058,android.amazon.perm,android.uid.system,158,false,true,PROTECTED_BROADCAST:amazon.intent.action.PRIVACY_MODE_ON
/Users/bob/Documents/Codex/2026-08-03-fire-os-7-framework-amazon-fire/artifacts/phase6ac/android-amazon-perm-device-20260805-01/android.amazon.perm.apk,5b72bdfcfb91b28d2c751e548f60d406de5c3cbb235e47e232014abdebcdc058,android.amazon.perm,android.uid.system,158,false,true,PROTECTED_BROADCAST:amazon.intent.action.PRIVACY_MODE_OFF
/Users/bob/Documents/Codex/2026-08-03-fire-os-7-framework-amazon-fire/artifacts/phase6ac/android-amazon-perm-device-20260805-01/android.amazon.perm.apk,5b72bdfcfb91b28d2c751e548f60d406de5c3cbb235e47e232014abdebcdc058,android.amazon.perm,android.uid.system,158,false,true,PROTECTED_BROADCAST:audio_server_restarted
/Users/bob/Documents/Codex/2026-08-03-fire-os-7-framework-amazon-fire/artifacts/phase6ac/android-amazon-perm-device-20260805-01/android.amazon.perm.apk,5b72bdfcfb91b28d2c751e548f60d406de5c3cbb235e47e232014abdebcdc058,android.amazon.perm,android.uid.system,158,false,true,PROTECTED_BROADCAST:com.amazon.intent.action.PARTNER_PRIME_SUBSCRIPTION
/Users/bob/Documents/Codex/2026-08-03-fire-os-7-framework-amazon-fire/artifacts/phase6ac/android-amazon-perm-device-20260805-01/android.amazon.perm.apk,5b72bdfcfb91b28d2c751e548f60d406de5c3cbb235e47e232014abdebcdc058,android.amazon.perm,android.uid.system,158,false,true,PROTECTED_BROADCAST:com.amazon.android.diags.ON_EVENT
/Users/bob/Documents/Codex/2026-08-03-fire-os-7-framework-amazon-fire/artifacts/phase6ac/android-amazon-perm-device-20260805-01/android.amazon.perm.apk,5b72bdfcfb91b28d2c751e548f60d406de5c3cbb235e47e232014abdebcdc058,android.amazon.perm,android.uid.system,158,false,true,PROTECTED_BROADCAST:amazon.net.UNIFIED_NETWORK
/Users/bob/Documents/Codex/2026-08-03-fire-os-7-framework-amazon-fire/artifacts/phase6ac/android-amazon-perm-device-20260805-01/android.amazon.perm.apk,5b72bdfcfb91b28d2c751e548f60d406de5c3cbb235e47e232014abdebcdc058,android.amazon.perm,android.uid.system,158,false,true,PROTECTED_BROADCAST:amazon.intent.action.PIP_STATE_CHANGE
/Users/bob/Documents/Codex/2026-08-03-fire-os-7-framework-amazon-fire/artifacts/phase6ac/android-amazon-perm-device-20260805-01/android.amazon.perm.apk,5b72bdfcfb91b28d2c751e548f60d406de5c3cbb235e47e232014abdebcdc058,android.amazon.perm,android.uid.system,158,false,true,PROTECTED_BROADCAST:amazon.intent.action.RECEIVE_KEY_PRESS
/Users/bob/Documents/Codex/2026-08-03-fire-os-7-framework-amazon-fire/artifacts/phase6ac/android-amazon-perm-device-20260805-01/android.amazon.perm.apk,5b72bdfcfb91b28d2c751e548f60d406de5c3cbb235e47e232014abdebcdc058,android.amazon.perm,android.uid.system,158,false,true,PROTECTED_BROADCAST:com.amazon.intent.action.GESTURE_DETECTED
/Users/bob/Documents/Codex/2026-08-03-fire-os-7-framework-amazon-fire/artifacts/phase6ac/android-amazon-perm-device-20260805-01/android.amazon.perm.apk,5b72bdfcfb91b28d2c751e548f60d406de5c3cbb235e47e232014abdebcdc058,android.amazon.perm,android.uid.system,158,false,true,PROTECTED_BROADCAST:com.amazon.device.ACTION_APP_PROFILE_UPDATED
/Users/bob/Documents/Codex/2026-08-03-fire-os-7-framework-amazon-fire/artifacts/phase6ac/android-amazon-perm-device-20260805-01/android.amazon.perm.apk,5b72bdfcfb91b28d2c751e548f60d406de5c3cbb235e47e232014abdebcdc058,android.amazon.perm,android.uid.system,158,false,true,PROTECTED_BROADCAST:com.amazon.device.ACTION_ACTIVE_PROFILE_UPDATED
/Users/bob/Documents/Codex/2026-08-03-fire-os-7-framework-amazon-fire/artifacts/phase6ac/android-amazon-perm-device-20260805-01/android.amazon.perm.apk,5b72bdfcfb91b28d2c751e548f60d406de5c3cbb235e47e232014abdebcdc058,android.amazon.perm,android.uid.system,158,false,true,PROTECTED_BROADCAST:com.amazon.tv.settings.v2.HUD_APPEARANCE
/Users/bob/Documents/Codex/2026-08-03-fire-os-7-framework-amazon-fire/artifacts/phase6ac/android-amazon-perm-device-20260805-01/android.amazon.perm.apk,5b72bdfcfb91b28d2c751e548f60d406de5c3cbb235e47e232014abdebcdc058,android.amazon.perm,android.uid.system,158,false,true,PROTECTED_BROADCAST:com.amazon.tv.settings.v2.HUD_DISMISSAL
/Users/bob/Documents/Codex/2026-08-03-fire-os-7-framework-amazon-fire/artifacts/phase6ac/android-amazon-perm-device-20260805-01/android.amazon.perm.apk,5b72bdfcfb91b28d2c751e548f60d406de5c3cbb235e47e232014abdebcdc058,android.amazon.perm,android.uid.system,158,false,true,PROTECTED_BROADCAST:com.amazon.logan.ACTION_PROFILE_ENROLLED
/Users/bob/Documents/Codex/2026-08-03-fire-os-7-framework-amazon-fire/artifacts/phase6ac/android-amazon-perm-device-20260805-01/android.amazon.perm.apk,5b72bdfcfb91b28d2c751e548f60d406de5c3cbb235e47e232014abdebcdc058,android.amazon.perm,android.uid.system,158,false,true,PROTECTED_BROADCAST:com.amazon.logan.ACTION_PROFILE_UNENROLLED
/Users/bob/Documents/Codex/2026-08-03-fire-os-7-framework-amazon-fire/artifacts/phase6ac/android-amazon-perm-device-20260805-01/android.amazon.perm.apk,5b72bdfcfb91b28d2c751e548f60d406de5c3cbb235e47e232014abdebcdc058,android.amazon.perm,android.uid.system,158,false,true,PROTECTED_BROADCAST:com.amazon.logan.ACTION_PROFILE_REMOVED
/Users/bob/Documents/Codex/2026-08-03-fire-os-7-framework-amazon-fire/artifacts/phase6ac/android-amazon-perm-device-20260805-01/android.amazon.perm.apk,5b72bdfcfb91b28d2c751e548f60d406de5c3cbb235e47e232014abdebcdc058,android.amazon.perm,android.uid.system,158,false,true,PROTECTED_BROADCAST:com.amazon.device.ACTION_CHILD_PARTNER_KEY_EVENT
/Users/bob/Documents/Codex/2026-08-03-fire-os-7-framework-amazon-fire/artifacts/phase6ac/android-amazon-perm-device-20260805-01/android.amazon.perm.apk,5b72bdfcfb91b28d2c751e548f60d406de5c3cbb235e47e232014abdebcdc058,android.amazon.perm,android.uid.system,158,false,true,PROTECTED_BROADCAST:com.amazon.device.ACTION_ADULT_PARTNER_KEY_EVENT
/Users/bob/Documents/Codex/2026-08-03-fire-os-7-framework-amazon-fire/artifacts/phase6ac/android-amazon-perm-device-20260805-01/android.amazon.perm.apk,5b72bdfcfb91b28d2c751e548f60d406de5c3cbb235e47e232014abdebcdc058,android.amazon.perm,android.uid.system,158,false,true,PROTECTED_BROADCAST:com.amazon.device.ACTION_NONENABLED_APP_LAUNCH
/Users/bob/Documents/Codex/2026-08-03-fire-os-7-framework-amazon-fire/artifacts/phase6ac/android-amazon-perm-device-20260805-01/android.amazon.perm.apk,5b72bdfcfb91b28d2c751e548f60d406de5c3cbb235e47e232014abdebcdc058,android.amazon.perm,android.uid.system,158,false,true,PROTECTED_BROADCAST:com.amazon.device.ACTION_AWAKE_WITH_COOKIECONSENT_DISABLED_EVENT
/Users/bob/Documents/Codex/2026-08-03-fire-os-7-framework-amazon-fire/artifacts/phase6ac/android-amazon-perm-device-20260805-01/android.amazon.perm.apk,5b72bdfcfb91b28d2c751e548f60d406de5c3cbb235e47e232014abdebcdc058,android.amazon.perm,android.uid.system,158,false,true,PROTECTED_BROADCAST:com.amazon.action.TVINPUT_ADDED
/Users/bob/Documents/Codex/2026-08-03-fire-os-7-framework-amazon-fire/artifacts/phase6ac/android-amazon-perm-device-20260805-01/android.amazon.perm.apk,5b72bdfcfb91b28d2c751e548f60d406de5c3cbb235e47e232014abdebcdc058,android.amazon.perm,android.uid.system,158,false,true,PROTECTED_BROADCAST:com.amazon.action.TVINPUT_REMOVED
/Users/bob/Documents/Codex/2026-08-03-fire-os-7-framework-amazon-fire/artifacts/phase6ac/android-amazon-perm-device-20260805-01/android.amazon.perm.apk,5b72bdfcfb91b28d2c751e548f60d406de5c3cbb235e47e232014abdebcdc058,android.amazon.perm,android.uid.system,158,false,true,PROTECTED_BROADCAST:com.amazon.action.TVINPUT_UPDATED
/Users/bob/Documents/Codex/2026-08-03-fire-os-7-framework-amazon-fire/artifacts/phase6ac/android-amazon-perm-device-20260805-01/android.amazon.perm.apk,5b72bdfcfb91b28d2c751e548f60d406de5c3cbb235e47e232014abdebcdc058,android.amazon.perm,android.uid.system,158,false,true,PROTECTED_BROADCAST:com.amazon.action.TVINPUT_CHANGED
/Users/bob/Documents/Codex/2026-08-03-fire-os-7-framework-amazon-fire/artifacts/phase6ac/android-amazon-perm-device-20260805-01/android.amazon.perm.apk,5b72bdfcfb91b28d2c751e548f60d406de5c3cbb235e47e232014abdebcdc058,android.amazon.perm,android.uid.system,158,false,true,PROTECTED_BROADCAST:com.amazon.action.AMAZON_INPUTS_ADDED
/Users/bob/Documents/Codex/2026-08-03-fire-os-7-framework-amazon-fire/artifacts/phase6ac/android-amazon-perm-device-20260805-01/android.amazon.perm.apk,5b72bdfcfb91b28d2c751e548f60d406de5c3cbb235e47e232014abdebcdc058,android.amazon.perm,android.uid.system,158,false,true,PROTECTED_BROADCAST:com.amazon.action.AMAZON_INPUT_SWITCHED_TO
/Users/bob/Documents/Codex/2026-08-03-fire-os-7-framework-amazon-fire/artifacts/phase6ac/android-amazon-perm-device-20260805-01/android.amazon.perm.apk,5b72bdfcfb91b28d2c751e548f60d406de5c3cbb235e47e232014abdebcdc058,android.amazon.perm,android.uid.system,158,false,true,PROTECTED_BROADCAST:com.amazon.action.AMAZON_INPUT_CHANGED
/Users/bob/Documents/Codex/2026-08-03-fire-os-7-framework-amazon-fire/artifacts/phase6ac/android-amazon-perm-device-20260805-01/android.amazon.perm.apk,5b72bdfcfb91b28d2c751e548f60d406de5c3cbb235e47e232014abdebcdc058,android.amazon.perm,android.uid.system,158,false,true,PROTECTED_BROADCAST:com.amazon.action.SCREEN_ON
/Users/bob/Documents/Codex/2026-08-03-fire-os-7-framework-amazon-fire/artifacts/phase6ac/android-amazon-perm-device-20260805-01/android.amazon.perm.apk,5b72bdfcfb91b28d2c751e548f60d406de5c3cbb235e47e232014abdebcdc058,android.amazon.perm,android.uid.system,158,false,true,PROTECTED_BROADCAST:com.amazon.action.SCREEN_OFF
/Users/bob/Documents/Codex/2026-08-03-fire-os-7-framework-amazon-fire/artifacts/phase6ac/android-amazon-perm-device-20260805-01/android.amazon.perm.apk,5b72bdfcfb91b28d2c751e548f60d406de5c3cbb235e47e232014abdebcdc058,android.amazon.perm,android.uid.system,158,false,true,PROTECTED_BROADCAST:com.amazon.action.AUDIO_MODE_CHANGED
/Users/bob/Documents/Codex/2026-08-03-fire-os-7-framework-amazon-fire/artifacts/phase6ac/android-amazon-perm-device-20260805-01/android.amazon.perm.apk,5b72bdfcfb91b28d2c751e548f60d406de5c3cbb235e47e232014abdebcdc058,android.amazon.perm,android.uid.system,158,false,true,PROTECTED_BROADCAST:com.amazon.action.AUDIO_SERVER_RESTARTED
/Users/bob/Documents/Codex/2026-08-03-fire-os-7-framework-amazon-fire/artifacts/phase6ac/android-amazon-perm-device-20260805-01/android.amazon.perm.apk,5b72bdfcfb91b28d2c751e548f60d406de5c3cbb235e47e232014abdebcdc058,android.amazon.perm,android.uid.system,158,false,true,PROTECTED_BROADCAST:com.amazon.logan.settings.TOGGLE_ON_OFF
/Users/bob/Documents/Codex/2026-08-03-fire-os-7-framework-amazon-fire/artifacts/phase6ac/android-amazon-perm-device-20260805-01/android.amazon.perm.apk,5b72bdfcfb91b28d2c751e548f60d406de5c3cbb235e47e232014abdebcdc058,android.amazon.perm,android.uid.system,158,false,true,PROTECTED_BROADCAST:com.amazon.accessibility.RECORD_COMPONENT_GESTURE_COUNTS
/Users/bob/Documents/Codex/2026-08-03-fire-os-7-framework-amazon-fire/artifacts/phase6ac/android-amazon-perm-device-20260805-01/android.amazon.perm.apk,5b72bdfcfb91b28d2c751e548f60d406de5c3cbb235e47e232014abdebcdc058,android.amazon.perm,android.uid.system,158,false,true,PROTECTED_BROADCAST:amazon.intent.action.SCREEN_STATE_CHANGED
/Users/bob/Documents/Codex/2026-08-03-fire-os-7-framework-amazon-fire/artifacts/phase6ac/android-amazon-perm-device-20260805-01/android.amazon.perm.apk,5b72bdfcfb91b28d2c751e548f60d406de5c3cbb235e47e232014abdebcdc058,android.amazon.perm,android.uid.system,158,false,true,PROTECTED_BROADCAST:com.amazon.tv.action.TV_TERRESTRIAL_PRESSED
/Users/bob/Documents/Codex/2026-08-03-fire-os-7-framework-amazon-fire/artifacts/phase6ac/android-amazon-perm-device-20260805-01/android.amazon.perm.apk,5b72bdfcfb91b28d2c751e548f60d406de5c3cbb235e47e232014abdebcdc058,android.amazon.perm,android.uid.system,158,false,true,PROTECTED_BROADCAST:com.amazon.tv.action.TV_SATELLITE_BS_CS_PRESSED
/Users/bob/Documents/Codex/2026-08-03-fire-os-7-framework-amazon-fire/artifacts/phase6ac/android-amazon-perm-device-20260805-01/android.amazon.perm.apk,5b72bdfcfb91b28d2c751e548f60d406de5c3cbb235e47e232014abdebcdc058,android.amazon.perm,android.uid.system,158,false,true,PROTECTED_BROADCAST:com.amazon.tv.action.TV_4K_SATELLITE_PRESSED
/Users/bob/Documents/Codex/2026-08-03-fire-os-7-framework-amazon-fire/artifacts/phase6ac/android-amazon-perm-device-20260805-01/android.amazon.perm.apk,5b72bdfcfb91b28d2c751e548f60d406de5c3cbb235e47e232014abdebcdc058,android.amazon.perm,android.uid.system,158,false,true,PROTECTED_BROADCAST:com.amazon.tv.action.SETTINGS_PRESSED
/Users/bob/Documents/Codex/2026-08-03-fire-os-7-framework-amazon-fire/artifacts/phase6ac/android-amazon-perm-device-20260805-01/android.amazon.perm.apk,5b72bdfcfb91b28d2c751e548f60d406de5c3cbb235e47e232014abdebcdc058,android.amazon.perm,android.uid.system,158,false,true,PROTECTED_BROADCAST:com.amazon.tv.action.TV_TERRESTRIAL_DIGITAL_PRESSED
/Users/bob/Documents/Codex/2026-08-03-fire-os-7-framework-amazon-fire/artifacts/phase6ac/android-amazon-perm-device-20260805-01/android.amazon.perm.apk,5b72bdfcfb91b28d2c751e548f60d406de5c3cbb235e47e232014abdebcdc058,android.amazon.perm,android.uid.system,158,false,true,PROTECTED_BROADCAST:com.amazon.tv.action.TV_SATELLITE_BS_PRESSED
/Users/bob/Documents/Codex/2026-08-03-fire-os-7-framework-amazon-fire/artifacts/phase6ac/android-amazon-perm-device-20260805-01/android.amazon.perm.apk,5b72bdfcfb91b28d2c751e548f60d406de5c3cbb235e47e232014abdebcdc058,android.amazon.perm,android.uid.system,158,false,true,PROTECTED_BROADCAST:com.amazon.tv.action.TV_SATELLITE_CS_PRESSED
/Users/bob/Documents/Codex/2026-08-03-fire-os-7-framework-amazon-fire/artifacts/phase6ac/android-amazon-perm-device-20260805-01/android.amazon.perm.apk,5b72bdfcfb91b28d2c751e548f60d406de5c3cbb235e47e232014abdebcdc058,android.amazon.perm,android.uid.system,158,false,true,PROTECTED_BROADCAST:amazon.intent.COOKIE_CONSENT_REQUIRED
/Users/bob/Documents/Codex/2026-08-03-fire-os-7-framework-amazon-fire/artifacts/phase6ac/android-amazon-perm-device-20260805-01/android.amazon.perm.apk,5b72bdfcfb91b28d2c751e548f60d406de5c3cbb235e47e232014abdebcdc058,android.amazon.perm,android.uid.system,158,false,true,PROTECTED_BROADCAST:com.amazon.action.ACTIVITY_ABORT
/Users/bob/Documents/Codex/2026-08-03-fire-os-7-framework-amazon-fire/artifacts/phase6ac/android-amazon-perm-device-20260805-01/android.amazon.perm.apk,5b72bdfcfb91b28d2c751e548f60d406de5c3cbb235e47e232014abdebcdc058,android.amazon.perm,android.uid.system,158,false,true,PROTECTED_BROADCAST:amazon.intent.action.LAUNCH_ALEXA_MUSIC_RECENTLY_PLAYED
/Users/bob/Documents/Codex/2026-08-03-fire-os-7-framework-amazon-fire/artifacts/phase6ac/android-amazon-perm-device-20260805-01/android.amazon.perm.apk,5b72bdfcfb91b28d2c751e548f60d406de5c3cbb235e47e232014abdebcdc058,android.amazon.perm,android.uid.system,158,false,true,PROTECTED_BROADCAST:amazon.ad.id.update.notification
/Users/bob/Documents/Codex/2026-08-03-fire-os-7-framework-amazon-fire/artifacts/phase6ac/android-amazon-perm-device-20260805-01/android.amazon.perm.apk,5b72bdfcfb91b28d2c751e548f60d406de5c3cbb235e47e232014abdebcdc058,android.amazon.perm,android.uid.system,158,false,true,PROTECTED_BROADCAST:com.amazon.android.server.ads.identifier.HYBRID_AD_ID_UPDATE
/Users/bob/Documents/Codex/2026-08-03-fire-os-7-framework-amazon-fire/artifacts/phase6j/ota-additional-holders-device-20260805-01/com_amazon_application_compatibility_enforcer.apk,e0f27244b1942ffc8c0deb07c6c11ebfa51b0ea586421c030129ebba284538fc,com.amazon.application.compatibility.enforcer,NOT_OBSERVED,0,false,false,OK
/Users/bob/Documents/Codex/2026-08-03-fire-os-7-framework-amazon-fire/artifacts/phase6j/ota-additional-holders-device-20260805-01/com_amazon_diode.apk,1bd9788b1aaae81c600991f3a88db0fa971d5a4265dc1e0cd4206b3ba2f8ca70,com.amazon.diode,NOT_OBSERVED,0,false,false,OK
/Users/bob/Documents/Codex/2026-08-03-fire-os-7-framework-amazon-fire/artifacts/phase6j/ota-additional-holders-device-20260805-01/com_amazon_kor_demo.apk,975cad513f5830c35310577170da3f3c08f5514826c8e9e16b11ca3abf6b5542,com.amazon.kor.demo,NOT_OBSERVED,0,false,false,OK
/Users/bob/Documents/Codex/2026-08-03-fire-os-7-framework-amazon-fire/artifacts/phase6j/ota-additional-holders-device-20260805-01/com_amazon_tahoe.apk,49934edcaae1f678441b9651164a484523d1e496f659c61651310f9bde8a6581,com.amazon.tahoe,NOT_OBSERVED,0,false,false,OK
/Users/bob/Documents/Codex/2026-08-03-fire-os-7-framework-amazon-fire/artifacts/phase6j/ota-alexa-system-ota-device-20260805-01/com.amazon.alexa.multimodal.gemini.apk,3824f5f6a8ef2e6c8cb30dceaf3ea145c9757760c9f24731dcdf40f7e2c4dd20,com.amazon.alexa.multimodal.gemini,NOT_OBSERVED,0,false,false,OK
/Users/bob/Documents/Codex/2026-08-03-fire-os-7-framework-amazon-fire/artifacts/phase6j/ota-apk-ps7331-device-20260805-01/DeviceSoftwareOTA.apk,35b2cd7ab72549277b691e603039a155d26a9a850c753f80c7cda968053c88ce,com.amazon.device.software.ota,com.amazon.device.software.ota,0,false,false,OK
/Users/bob/Documents/Codex/2026-08-03-fire-os-7-framework-amazon-fire/artifacts/phase6j/ota-contracts-ps7331-device-20260805-01/DeviceSoftwareOTAContracts.apk,815e38eb47f6d9090087f9a399e1d9e5aebd1aefc441d9a82128e4f92f76685c,com.amazon.dcp.contracts.library,NOT_OBSERVED,0,false,false,OK
/Users/bob/Documents/Codex/2026-08-03-fire-os-7-framework-amazon-fire/artifacts/phase6j/ota-controller-holders-static-20260805-01/com_amazon_dcp.apk,263ea61be0acd0005cf53f887f3b8a199fdfd189d4b50f25adb4bdacc53fff35,com.amazon.dcp,NOT_OBSERVED,0,false,false,OK
/Users/bob/Documents/Codex/2026-08-03-fire-os-7-framework-amazon-fire/artifacts/phase6j/ota-controller-holders-static-20260805-01/com_amazon_kindle_otter_oobe_forced_ota.apk,63cc2b0fd1543f688851b1f5621f6636201e3d81398644eaea3d794cda57360b,com.amazon.kindle.otter.oobe.forced.ota,NOT_OBSERVED,0,false,false,OK
/Users/bob/Documents/Codex/2026-08-03-fire-os-7-framework-amazon-fire/artifacts/phase6j/ota-controller-holders-static-20260805-01/com_amazon_ssmsys.apk,58425c0112cf6820875d94d6bc859482a7f3ba5bc61dac18e974e4b023c18a70,com.amazon.ssmsys,NOT_OBSERVED,0,false,false,OK
/Users/bob/Documents/Codex/2026-08-03-fire-os-7-framework-amazon-fire/artifacts/phase6j/ota-oobe-ps7331-device-20260805-01/com.amazon.kindle.otter.oobe.apk,6f8cfbeadbb777c98384ae976f875f11fdaf605dd10741674d772d7c43fe4d83,com.amazon.kindle.otter.oobe,NOT_OBSERVED,0,false,true,OK
