id,component_or_service,entry_surface,exported_or_registration,caller_to_permission,identity,user_scope,sink_or_effect,classification,evidence_path,evidence_sha256,class_method_line_or_offset,next_safe_step
TO-01,AmazonActivityManagerService,IAmazonActivityManager tx1 preWarmApplicationForUser,system service registration; not an exported app component,"Binder transaction -> checkCallingPermission(com.amazon.permission.APP_PREWARM); result consumption not visible in bounded slice","Binder.clearCallingIdentity/restoreCallingIdentity observed after gate; caller UID handling beyond slice UNKNOWN",user int parameter supplied; cross-user validation UNKNOWN,"startProcessLocked/PackageManager/ActivityManager; no component-state or HOME setter",STRONG_STATIC,decompiled/baksmali/vdexExtractor/fosservices/disassembly.log,ecbe62fe8eb8bd575da8b2a73a155875df937073ccc2faa020ca592c0515151c,AmazonActivityManagerService.BinderService.preWarmApplicationForUser; impl lines 40453-40534; proxy line 394721; tx1,host-only inspect the full method and permission-result branch; no Binder invocation
TO-02,AmazonActivityManagerService,IAmazonActivityManager tx5/tx6 observer registration,system service registration; not an exported app component,"Binder transaction -> enforceCallingPermission(com.amazon.permission.ACTIVITY_SWITCH_WATCHER)","No caller UID read in bounded implementation",user not exposed in bounded method,"RemoteCallbackList and onActivityResume callback; no HOME selector or PackageManager writer",NOT_A_SINK,decompiled/baksmali/vdexExtractor/fosservices/disassembly.log,ecbe62fe8eb8bd575da8b2a73a155875df937073ccc2faa020ca592c0515151c,AmazonActivityManagerService.BinderService.registerActivitySwitchObserver/unregisterActivitySwitchObserver; lines 40535-40564 and 40660-40680; proxy lines 394752 and 394817; tx5/tx6,retain as callback-only surface; no runtime callback registration
TO-03,AmazonActivityManagerService,IAmazonActivityManager tx9 isOnHomeStack,system service registration; not an exported app component,"Binder transaction -> no permission marker in bounded method; caller reachability unresolved", "Binder.clearCallingIdentity/restoreCallingIdentity observed",user not exposed in bounded method,isOnHomeStack observation only; no HOME selection/write,NOT_A_SINK,decompiled/baksmali/vdexExtractor/fosservices/disassembly.log,ecbe62fe8eb8bd575da8b2a73a155875df937073ccc2faa020ca592c0515151c,AmazonActivityManagerService.BinderService.isOnHomeStack; lines 40336-40373; proxy line 394601; tx9,host-only inspect upstream publication and full permission path; do not infer HOME control
TO-04,AmazonDevicePolicyManagerService,IAmazonDevicePolicyManager tx1 setRestrictionForUser,system service registration; not an exported app component,"Binder transaction -> permission/helper gate present; exact helper literal unresolved", "No caller UID marker in bounded implementation",user int parameter supplied; admin/profile-owner validation not in bounded slice,setUserRestrictionForUser/ComponentName policy effect; no HOME or enabled-state writer,CONFIRMED,decompiled/baksmali/vdexExtractor/fosservices/disassembly.log,ecbe62fe8eb8bd575da8b2a73a155875df937073ccc2faa020ca592c0515151c,AmazonDevicePolicyManagerService.BinderService.setRestrictionForUser; lines 46101-46107; proxy line 397209; tx1,resolve helper permission source from existing host decompilation only; no policy API call
TO-05,AmazonDevicePolicyManagerService,IAmazonDevicePolicyManager tx2 clearRestrictionForUser,system service registration; not an exported app component,"Binder transaction -> permission/helper gate present; exact helper literal unresolved", "No caller UID marker in bounded implementation",user int parameter supplied; admin/profile-owner validation not in bounded slice,setUserRestrictionForUser/ComponentName policy effect; no HOME or enabled-state writer,CONFIRMED,decompiled/baksmali/vdexExtractor/fosservices/disassembly.log,ecbe62fe8eb8bd575da8b2a73a155875df937073ccc2faa020ca592c0515151c,AmazonDevicePolicyManagerService.BinderService.clearRestrictionForUser; lines 46047-46053; proxy line 397125; tx2,resolve helper permission source from existing host decompilation only; no policy API call
TO-06,AmazonPackageManagerService,IAmazonPackageManager tx1/tx2/tx4/tx5 metadata writers,system service registration; not an exported app component,"Binder transaction -> checkCallingOrSelfPermission(amazon.permission.ADD_RM_PKG_METADATA); result consumed", "No caller UID marker in bounded implementation",explicit user int parameter; cross-user gate not shown in bounded slice,"set/removeAmazonFlagsForUser and set/removeAmazonMetadataForUser; metadata state only, not enabled-state or HOME",STRONG_STATIC,decompiled/baksmali/vdexExtractor/fosservices/disassembly.log,ecbe62fe8eb8bd575da8b2a73a155875df937073ccc2a; no,AmazonPackageManagerService.BinderService.setAmazonFlagsForUser/removeAmazonFlagsForUser/setAmazonMetadataForUser/removeAmazonMetadataForUser; lines 95955-96026; proxy lines 403202-403318; tx1/2/4/5,join exact permission holder and cross-user checks from host artifacts; no setter replay
TO-07,AmazonPackageManagerService,IAmazonPackageManager tx6/tx7 proxy receiver map,system service registration; not an exported app component,"Binder transaction -> no permission marker in bounded implementation; PendingIntent creator/UID checks are recorded in existing host table", "register path has no direct Binder UID check in bounded slice; deregister compares registered creatorUid to Binder.getCallingUid",user not explicit; map is service-global in bounded slice,"Context.registerReceiver/unregisterReceiver and PendingIntent.send; not HOME or PackageManager state",UNKNOWN,decompiled/baksmali/vdexExtractor/fosservices/disassembly.log,ecbe62fe8eb8bd575da8b2a73a155875df937073ccc2faa020ca592c0515151c,AmazonPackageManagerService.BinderService.registerProxyReceiver/deregisterProxyReceiver; lines 95943-95954 and 95877-95888; proxy lines 403148 and 402937; tx6/tx7,host-only resolve publication permission and creator/caller join; no service invocation
TO-08,AmazonWindowManagerService,IAmazonWindowManager tx1 lockNow and tx5 setPipVisibility,system service registration; not an exported app component,"Binder transaction -> no permission marker in bounded implementation; caller gate UNKNOWN", "No caller UID or clearCallingIdentity marker in bounded slices",user not exposed in bounded methods,window/pinning effects only; no HOME/package-state sink shown,UNKNOWN,decompiled/baksmali/vdexExtractor/fosservices/disassembly.log,ecbe62fe8eb8bd575da8b2a73a155875df937073ccc2faa020ca592c0515151c,AmazonWindowManagerService.BinderService.lockNow/setPipVisibility; lines 56109-56126 and 56150-56156; proxy lines 400104 and 400177; tx1/tx5,host-only inspect full implementation and service permission declaration; do not invoke transaction
TO-09,AmazonUserManagerService,private Amazon user service tx path,private fosinit service; not exported app component,"Internal BinderService path -> existing lifecycle/profile gates; external caller and bind contract not reconstructed in bounded Phase 6TO input", "No new onTransact caller UID proof in this slice",UserInfo.id supplied to enableKftLauncherComponent; child/profile scope only,"setComponentEnabledSetting and setApplicationEnabledSetting for Tahoe/Fire/Launcher3; child/KFT scoped, not User-0 HOME",STRONG_STATIC,decompiled/baksmali/vdexExtractor/fosservices/disassembly.log,ecbe62fe8eb8bd575da8b2a73a155875df937073ccc2faa020ca592c0515151c,AmazonUserManagerService.BinderService.enableKftLauncherComponent; lines 54297-54325; offsets 0x04320a/0x043228/0x043242,join existing user-scope gate evidence; no transaction replay and no User-0 claim
TO-10,AppAdapterHandler,internal Amazon OOBE action,internal service callback; not exported component evidence,"No remote caller in bounded writer; fixed lifecycle/action input", "No Binder.getCallingUid/checkCallingPermission/hasCallerGotPermission in writer slice",fixed component and implicit lifecycle scope,PackageManager.setComponentEnabledSetting for com.amazon.tv.oobe/.RegistrationActivity; no HOME,NOT_A_SINK,decompiled/baksmali/vdexExtractor/fosservices/disassembly.log,ecbe62fe8eb8bd575da8b2a73a155875df937073ccc2faa020ca592c0515151c,AppAdapterHandler.goToRegistration; line 26056; offset 0x02ab0c,retain as fixed OOBE component writer; no external caller inference
TO-11,GeminiHandler,internal Amazon mode-switch action,internal service callback; not exported component evidence,"No remote caller in bounded writer; policy/data-driven mode-switch input", "No Binder.getCallingUid/checkCallingPermission/hasCallerGotPermission in writer slice",fixed application package scope,PackageManager.setApplicationEnabledSetting for Gemini/Blink-related packages; no HOME,NOT_A_SINK,decompiled/baksmali/vdexExtractor/fosservices/disassembly.log,ecbe62fe8eb8bd575da8b2a73a155875df937073ccc2faa020ca592c0515151c,com.amazon.android.modeswitch.service.GeminiHandler.disableGeminiIfRequired; line 30354; offset 0x02e92e,retain as fixed package-state writer; inspect only policy/data source if new host artifact appears
TO-12,EnableDisableComponentAction,Amazon ProductPolicy action,internal trusted service action; not an exported component evidence,"No remote caller in bounded writer; policy-file/user-list driven trusted system action", "No Binder.getCallingUid/checkCallingPermission/hasCallerGotPermission in writer slice",supplied user ID is policy/action parameter; exact caller scope not in writer slice,"AmazonPackageManager.setComponentEnabledSetting/setApplicationEnabledSetting for policy targets; no HOME selector",NOT_A_SINK,decompiled/baksmali/vdexExtractor/fosservices/disassembly.log,ecbe62fe8eb8bd575da8b2a73a155875df937073ccc2f; no,EnableDisableComponentAction.enableDisableComponent; line 293712/293717/293735/293738; offsets 0x052688/0x052698/0x0526e8/0x0526f4,host-only trace policy action registration and target list; no action injection
TO-13,com.amazon.firelauncher,exported providers/receivers/services in exact-build APK,manifest components; mixed exported=true and permissions,"Manifest permission fields include signature/system/custom/BIND_JOB_SERVICE and some no local permission; no Binder caller method in manifest",N/A for manifest-only evidence,component-local; no system-server user scope in manifest,"No qualifying setComponentEnabledSetting/setApplicationEnabledSetting/preferred HOME sink in bounded manifest/component inventory",NOT_A_SINK,artifacts/phase6h/phase6h-framework-ipc-20260804-01/manifest-components.csv,4696984f88fb81721c611358b5ea197438399ebc3b05e570ee07a78c98d6561e,com.amazon.firelauncher manifest rows 46-99; exact APK artifacts/launcher/com.amazon.firelauncher__0_com.amazon.firelauncher.apk SHA-256 601c510df94ddf2701ef8eb662ad565a5108688e562ca29fa56c1b14289b4ddf,manifest exposure alone is not a sink; trace only newly observed component-to-setter edge
TO-14,Amazon fosinit service family,AmazonActivityManager/Profile/User/PackageManager and callbacks,private system_server registration; exported=N/A,not app exported component,"system_server callback/service-manager context; permission and caller checks are service-specific; no ordinary app relay established",system_server identity/callback context; user scope only where method parameter is explicit,registration/callback inventory shows no preferred HOME writer beyond already bounded child/KFT setter,NOT_A_SINK,artifacts/phase6jd-fosinit-20260808-01/extraction-manifest.tsv,0797a670880672e424326aa206ab422ca849e2996d2f0985aa2d4b2ca61ea993,Amazon service registrations in existing Phase 6JD table; corresponding fosservices disassembly lines 95790-96036 and 39808-40680,host-only compare new exact-build registration/source additions; do not reopen closed callback families
TO-15,Phase 6TO boundary,scope exclusion,H2ClientService chain excluded per Phase 6TJ-TM; no device interaction,"Only host static artifacts/reports; no adb/Binder/service call/driver/root/exploit/payload",N/A,N/A,"No vulnerability conclusion from exported/signature alone; UNKNOWN remains UNKNOWN",NOT_A_SINK,output/tables/phase6tm-control-surface.csv,see source row SHA-256 0d630a291c239decfd91f14bf0e41b6222f847b0f88de0eda9eb0de3a98b3744,Phase 6TJ-TM H2 rows and this audit scope,keep H2 excluded; next step is host-only evidence completion
