route,source artifact/hash,caller,gate,path handling,first sink,low_privilege_reachable,status (closed/unknown/rejected),next safe step
"verifier -> metadata checker","RecoverySystemWrapper.java sha256=5cea16a23aadebf9c043791fffb80c4e3a78ca629e8f7c64c82a366983790287; otacert.pem sha256=5d52405362dcc9e755a4d972074ac7f886a5450e18fb6a6c2c2dad2b55730fe1","DeviceSoftwareOTA OSUpdateValidator/SideloadVerifier; no shell or ordinary-app caller established","RecoverySystem.verifyPackage; assertHash; version/signature-transition/product-device/PVT checks","Java source shows no canonicalPath/realpath/readlink/lstat/O_NOFOLLOW marker; native/recovery handling outside slice","verification API / metadata decision (no write sink in reviewed slice)","false","unknown","Host-only identify exact platform recovery verifier and certificate/AVB handoff; do not execute or feed crafted input"
"metadata checker -> staging","artifacts/phase6y/ota-staging-audit-20260805-01/summary.json sha256=a57a96911cd1dc3c06f83a6ee1535714b7ecc9e3f6b473fdffbc02b8fa14f8dd; ota-staging-evidence.csv sha256=84c46d190a0c23b54d078c8be14e9b9cc2bd923eb25f54f7c7d601c2dac03594","SideloadInstaller.installSideload via system OTA app; shell/ordinary-app reachability not shown","metadata/sanity/device checks and recovery-check verification precede optional move","source path split on '/' and basename selected; destination is OTA external-data directory; no Java canonicalization marker observed","SideloadMover -> FileHelper.moveFile -> renameTo or copy + source delete; FileOutputStream on copy fallback","unknown","unknown","Host-only map FileHelper/native flags and SELinux context from same-version artifacts"
"staging -> UpdateSystem handoff","artifacts/phase6kt/recovery-verifier-audit-20260810-01/audit.json sha256=01e29ec3a2649d85d033ce7ce65034631ebb44ef00633e34a95b0eb063f317f9; updater-script sha256=4a61d66754187a5b84f173ad7bc50216b00969743ce3193346762613615ac248","UpdateSystemWrapper.install from accepted DeviceSoftwareOTA context","external-storage prefix mapping; persistent update-state property write; framework UpdateSystem.install boundary","No crafted path/collision/symlink test; native/recovery path policy unresolved","persist.sys.ota.isScreenOffBeforeOTA write, then UpdateSystem.install call","false","unknown","Host-only correlate UpdateSystem/RecoverySystem native provenance; preserve no-write policy"
"UpdateSystem/recovery handoff -> update-binary dispatch","update-binary sha256=02643fa987778361742a5ecaa601034b7f20a55df9bacc58ec8bbcdcd8ac896b; artifacts/phase6ku/boundary-20260810-01/result.json sha256=9ea29dec2c17a72ed0758549a7a975a4245bed76739b78d8cda098264c6054de","recovery-accepted context is inferred; exact recovery/native caller provenance absent","signed package verification and metadata gates are upstream; 24 install callbacks statically registered","ELF string markers include symlink_realpath/readlink, but selected direct-BL graph does not place canonicalization on extraction/write chain","callback registration / expression dispatch; execution not performed","false","unknown","Recover only host-side recovery-to-native caller and indirect dispatch edges"
"package_extract_file -> extracted file","phase6md path-write-call-edges.csv; updater-script sha256=4a61d66754187a5b84f173ad7bc50216b00969743ce3193346762613615ac248","registered native handler, expected recovery/updater context","updater command acceptance and callback dispatch","argument/path dataflow and canonicalization guard are incomplete in bounded direct-BL slice","ota_open -> libc open/open64; ExtractEntryToFile; fsync/close per verifier audit","false","unknown","Host-only resolve indirect calls and flags; do not test traversal or symlink payloads"
"block_image_update -> cache check","artifacts/phase6ne-updater-cache-flow-20260810-03/direct-call-edges.csv sha256=d653e4a84898509781a333c56502087a83981781fcf6612d7026bfd79602b477; return-branches.csv sha256=95f469e697c636a2f09bcb6d3f27540f9d336a4bf042d2a5b33b37156a28b87b","PerformBlockImageUpdate in native updater; no low-privilege caller","CacheSizeCheck sign-bit error branch; MakeFreeSpaceOnCache result controls continuation","MakeFreeSpaceOnCache performs stat/unlink/directory traversal and calls __readlink_chk; full input/path flow unresolved","cache/filesystem helper calls; no partition sink at this node","false","unknown","Host-only complete CacheSizeCheck/helper dataflow and recovery input provenance"
"block_image_update -> partition writer","artifacts/phase6md-native-updater-path-audit-20260810-02/path-write-call-edges.csv; updater binary sha256=02643fa987778361742a5ecaa601034b7f20a55df9bacc58ec8bbcdcd8ac896b","recovery/updater context only; no shell/ordinary-app caller established","fixed updater-script targets and block-image verification/dispatch","fixed target strings; canonicalization relation to write chain not closed; no runtime input supplied","PerformBlockImageUpdate -> open/__open_2 -> chown/rename; WriteToPartition -> ota_open -> ota_write -> libc write","false","unknown","Host-only complete indirect CFG/dataflow review; never execute updater or write partitions"
"ordinary app IPC caller comparison","artifacts/phase6ku/boundary-20260810-01/relevant-call-edges.csv; findings/phase-6fi-amazon-user-manager-tx-boundary.md","ordinary APK reaches prewarm and KFT tx3 surfaces in preserved evidence","prewarm permission result ignored but sink is process start; KFT reaches standard PMS cross-user/component gates","No staging or native updater handoff from either service; no package/HOME writer accepted","prewarm: ActivityManagerService.startProcessLocked; KFT: PMS component setter rejection","true (bounded IPC only; not updater/recovery)","rejected","Keep as reachability control: no Binder replay; do not conflate static native capability with caller reachability"
"PS7331 source archive negative control","firmware/original/Fire_HD10-7.3.3.1-20250617.tar.bz2 sha256=02ffafddb97999ebcc4419dda28cab9ea6ddacf7123b1301a073a3809c762aea; summary.json sha256=409ed81ede46db87a0ef8a05cc33b99df2b66e068d1edc1ac481a42e0606169b","none; host tar stream audit only","not an installable OTA; no verifier/staging caller","35 members to real EOF; no symlink/hardlink; no META-INF/updater-script/update-binary/post-install/partition member","none","false","closed","Retain as provenance/negative control; no further extraction or execution needed"
