caller_label,caller,instruction,target_address,callee
Sha1CheckFn,_Z11Sha1CheckFnPKcP5StateRKNSt3__16vectorINS3_10unique_ptrI4ExprNS3_14default_deleteIS6_EEEENS3_9allocatorIS9_EEEE,402f50,0x45b820,SHA1
Sha1CheckFn,_Z11Sha1CheckFnPKcP5StateRKNSt3__16vectorINS3_10unique_ptrI4ExprNS3_14default_deleteIS6_EEEENS3_9allocatorIS9_EEEE,403190,0x4c7bc0,memcmp
PerformBlockImageUpdate,_ZL23PerformBlockImageUpdatePKcP5StateRKNSt3__16vectorINS3_10unique_ptrI4ExprNS3_14default_deleteIS6_EEEENS3_9allocatorIS9_EEEEPK7Commandmb,40993c,0x45b820,SHA1
PerformBlockImageUpdate,_ZL23PerformBlockImageUpdatePKcP5StateRKNSt3__16vectorINS3_10unique_ptrI4ExprNS3_14default_deleteIS6_EEEENS3_9allocatorIS9_EEEEPK7Commandmb,40a2e0,0x4cc170,open
LoadSrcTgtVersion3,_ZL18LoadSrcTgtVersion3R17CommandParametersR8RangeSetPmbPb,40e448,0x45b820,SHA1
VerifyBlocks,_ZL12VerifyBlocksRKNSt3__112basic_stringIcNS_11char_traitsIcEENS_9allocatorIcEEEERKNS_6vectorIhNS3_IhEEEEmb,40ee20,0x45b820,SHA1
VerifyBlocks,_ZL12VerifyBlocksRKNSt3__112basic_stringIcNS_11char_traitsIcEENS_9allocatorIcEEEERKNS_6vectorIhNS3_IhEEEEmb,40ee48,0x4b0a20,UNKNOWN_0x4b0a20
VerifyBlocks,_ZL12VerifyBlocksRKNSt3__112basic_stringIcNS_11char_traitsIcEENS_9allocatorIcEEEERKNS_6vectorIhNS3_IhEEEEmb,40ee5c,0x4b0a20,UNKNOWN_0x4b0a20
VerifyBlocks,_ZL12VerifyBlocksRKNSt3__112basic_stringIcNS_11char_traitsIcEENS_9allocatorIcEEEERKNS_6vectorIhNS3_IhEEEEmb,40eef8,0x4c7bc0,memcmp
VerifyBlocks,_ZL12VerifyBlocksRKNSt3__112basic_stringIcNS_11char_traitsIcEENS_9allocatorIcEEEERKNS_6vectorIhNS3_IhEEEEmb,40ef14,0x45a5f0,_ZN7android4base21GetMinimumLogSeverityEv
VerifyBlocks,_ZL12VerifyBlocksRKNSt3__112basic_stringIcNS_11char_traitsIcEENS_9allocatorIcEEEERKNS_6vectorIhNS3_IhEEEEmb,40ef30,0x4917f0,UNKNOWN_0x4917f0
VerifyBlocks,_ZL12VerifyBlocksRKNSt3__112basic_stringIcNS_11char_traitsIcEENS_9allocatorIcEEEERKNS_6vectorIhNS3_IhEEEEmb,40ef70,0x4c8da0,__errno
VerifyBlocks,_ZL12VerifyBlocksRKNSt3__112basic_stringIcNS_11char_traitsIcEENS_9allocatorIcEEEERKNS_6vectorIhNS3_IhEEEEmb,40efa0,0x45a608,_ZN7android4base10LogMessageC1EPKcjNS0_5LogIdENS0_11LogSeverityES3_i
VerifyBlocks,_ZL12VerifyBlocksRKNSt3__112basic_stringIcNS_11char_traitsIcEENS_9allocatorIcEEEERKNS_6vectorIhNS3_IhEEEEmb,40efa8,0x45a600,_ZN7android4base10LogMessage6streamEv
VerifyBlocks,_ZL12VerifyBlocksRKNSt3__112basic_stringIcNS_11char_traitsIcEENS_9allocatorIcEEEERKNS_6vectorIhNS3_IhEEEEmb,40efb8,0x4017a0,UNKNOWN_0x4017a0
VerifyBlocks,_ZL12VerifyBlocksRKNSt3__112basic_stringIcNS_11char_traitsIcEENS_9allocatorIcEEEERKNS_6vectorIhNS3_IhEEEEmb,40efd4,0x4017a0,UNKNOWN_0x4017a0
VerifyBlocks,_ZL12VerifyBlocksRKNSt3__112basic_stringIcNS_11char_traitsIcEENS_9allocatorIcEEEERKNS_6vectorIhNS3_IhEEEEmb,40efe4,0x4017a0,UNKNOWN_0x4017a0
VerifyBlocks,_ZL12VerifyBlocksRKNSt3__112basic_stringIcNS_11char_traitsIcEENS_9allocatorIcEEEERKNS_6vectorIhNS3_IhEEEEmb,40f008,0x4017a0,UNKNOWN_0x4017a0
VerifyBlocks,_ZL12VerifyBlocksRKNSt3__112basic_stringIcNS_11char_traitsIcEENS_9allocatorIcEEEERKNS_6vectorIhNS3_IhEEEEmb,40f018,0x4017a0,UNKNOWN_0x4017a0
VerifyBlocks,_ZL12VerifyBlocksRKNSt3__112basic_stringIcNS_11char_traitsIcEENS_9allocatorIcEEEERKNS_6vectorIhNS3_IhEEEEmb,40f020,0x45a710,_ZN7android4base10LogMessageD1Ev
VerifyBlocks,_ZL12VerifyBlocksRKNSt3__112basic_stringIcNS_11char_traitsIcEENS_9allocatorIcEEEERKNS_6vectorIhNS3_IhEEEEmb,40f034,0x4d4440,__stack_chk_fail
WriteToPartition,_Z16WriteToPartitionPKhmRKNSt3__112basic_stringIcNS1_11char_traitsIcEENS1_9allocatorIcEEEE,413c9c,0x45b028,_ZN7android4base5SplitERKNSt3__112basic_stringIcNS1_11char_traitsIcEENS1_9allocatorIcEEEES9_
WriteToPartition,_Z16WriteToPartitionPKhmRKNSt3__112basic_stringIcNS1_11char_traitsIcEENS1_9allocatorIcEEEE,413cac,0x4917f0,UNKNOWN_0x4917f0
WriteToPartition,_Z16WriteToPartitionPKhmRKNSt3__112basic_stringIcNS1_11char_traitsIcEENS1_9allocatorIcEEEE,413d00,0x4b0fb8,UNKNOWN_0x4b0fb8
WriteToPartition,_Z16WriteToPartitionPKhmRKNSt3__112basic_stringIcNS1_11char_traitsIcEENS1_9allocatorIcEEEE,413d20,0x4dd460,printf
WriteToPartition,_Z16WriteToPartitionPKhmRKNSt3__112basic_stringIcNS1_11char_traitsIcEENS1_9allocatorIcEEEE,413d4c,0x4917f0,UNKNOWN_0x4917f0
WriteToPartition,_Z16WriteToPartitionPKhmRKNSt3__112basic_stringIcNS1_11char_traitsIcEENS1_9allocatorIcEEEE,413d6c,0x4917f0,UNKNOWN_0x4917f0
WriteToPartition,_Z16WriteToPartitionPKhmRKNSt3__112basic_stringIcNS1_11char_traitsIcEENS1_9allocatorIcEEEE,413dcc,0x426210,_Z8ota_openPKci
WriteToPartition,_Z16WriteToPartitionPKhmRKNSt3__112basic_stringIcNS1_11char_traitsIcEENS1_9allocatorIcEEEE,413e3c,0x426d58,_Z9ota_writeiPKvm
WriteToPartition,_Z16WriteToPartitionPKhmRKNSt3__112basic_stringIcNS1_11char_traitsIcEENS1_9allocatorIcEEEE,413e48,0x4c8da0,__errno
WriteToPartition,_Z16WriteToPartitionPKhmRKNSt3__112basic_stringIcNS1_11char_traitsIcEENS1_9allocatorIcEEEE,413e7c,0x426ed0,_Z9ota_fsynci
WriteToPartition,_Z16WriteToPartitionPKhmRKNSt3__112basic_stringIcNS1_11char_traitsIcEENS1_9allocatorIcEEEE,413e88,0x426748,_Z9ota_closeRN7android4base14unique_fd_implI9OtaCloserEE
WriteToPartition,_Z16WriteToPartitionPKhmRKNSt3__112basic_stringIcNS1_11char_traitsIcEENS1_9allocatorIcEEEE,413e98,0x426210,_Z8ota_openPKci
WriteToPartition,_Z16WriteToPartitionPKhmRKNSt3__112basic_stringIcNS1_11char_traitsIcEENS1_9allocatorIcEEEE,413eb0,0x426648,_ZN9OtaCloser5CloseEi
WriteToPartition,_Z16WriteToPartitionPKhmRKNSt3__112basic_stringIcNS1_11char_traitsIcEENS1_9allocatorIcEEEE,413ec0,0x4d4968,sync
WriteToPartition,_Z16WriteToPartitionPKhmRKNSt3__112basic_stringIcNS1_11char_traitsIcEENS1_9allocatorIcEEEE,413ecc,0x426210,_Z8ota_openPKci
WriteToPartition,_Z16WriteToPartitionPKhmRKNSt3__112basic_stringIcNS1_11char_traitsIcEENS1_9allocatorIcEEEE,413edc,0x426d58,_Z9ota_writeiPKvm
WriteToPartition,_Z16WriteToPartitionPKhmRKNSt3__112basic_stringIcNS1_11char_traitsIcEENS1_9allocatorIcEEEE,413ee8,0x4c8da0,__errno
WriteToPartition,_Z16WriteToPartitionPKhmRKNSt3__112basic_stringIcNS1_11char_traitsIcEENS1_9allocatorIcEEEE,413f08,0x426d58,_Z9ota_writeiPKvm
WriteToPartition,_Z16WriteToPartitionPKhmRKNSt3__112basic_stringIcNS1_11char_traitsIcEENS1_9allocatorIcEEEE,413f18,0x4dd550,puts
WriteToPartition,_Z16WriteToPartitionPKhmRKNSt3__112basic_stringIcNS1_11char_traitsIcEENS1_9allocatorIcEEEE,413f20,0x426748,_Z9ota_closeRN7android4base14unique_fd_implI9OtaCloserEE
WriteToPartition,_Z16WriteToPartitionPKhmRKNSt3__112basic_stringIcNS1_11char_traitsIcEENS1_9allocatorIcEEEE,413f28,0x4ceb58,sleep
WriteToPartition,_Z16WriteToPartitionPKhmRKNSt3__112basic_stringIcNS1_11char_traitsIcEENS1_9allocatorIcEEEE,413f38,0x4d4770,lseek
WriteToPartition,_Z16WriteToPartitionPKhmRKNSt3__112basic_stringIcNS1_11char_traitsIcEENS1_9allocatorIcEEEE,413f44,0x4c8da0,__errno
WriteToPartition,_Z16WriteToPartitionPKhmRKNSt3__112basic_stringIcNS1_11char_traitsIcEENS1_9allocatorIcEEEE,413f54,0x4cc8c8,strerror
WriteToPartition,_Z16WriteToPartitionPKhmRKNSt3__112basic_stringIcNS1_11char_traitsIcEENS1_9allocatorIcEEEE,413f68,0x4dd460,printf
WriteToPartition,_Z16WriteToPartitionPKhmRKNSt3__112basic_stringIcNS1_11char_traitsIcEENS1_9allocatorIcEEEE,413fb0,0x426be0,_Z8ota_readiPvm
WriteToPartition,_Z16WriteToPartitionPKhmRKNSt3__112basic_stringIcNS1_11char_traitsIcEENS1_9allocatorIcEEEE,413fc0,0x4c8da0,__errno
WriteToPartition,_Z16WriteToPartitionPKhmRKNSt3__112basic_stringIcNS1_11char_traitsIcEENS1_9allocatorIcEEEE,414008,0x4dd460,printf
WriteToPartition,_Z16WriteToPartitionPKhmRKNSt3__112basic_stringIcNS1_11char_traitsIcEENS1_9allocatorIcEEEE,414028,0x4c7bc0,memcmp
WriteToPartition,_Z16WriteToPartitionPKhmRKNSt3__112basic_stringIcNS1_11char_traitsIcEENS1_9allocatorIcEEEE,414048,0x4cc8c8,strerror
WriteToPartition,_Z16WriteToPartitionPKhmRKNSt3__112basic_stringIcNS1_11char_traitsIcEENS1_9allocatorIcEEEE,414060,0x4dd460,printf
WriteToPartition,_Z16WriteToPartitionPKhmRKNSt3__112basic_stringIcNS1_11char_traitsIcEENS1_9allocatorIcEEEE,41408c,0x4cc8c8,strerror
WriteToPartition,_Z16WriteToPartitionPKhmRKNSt3__112basic_stringIcNS1_11char_traitsIcEENS1_9allocatorIcEEEE,41409c,0x4dd460,printf
WriteToPartition,_Z16WriteToPartitionPKhmRKNSt3__112basic_stringIcNS1_11char_traitsIcEENS1_9allocatorIcEEEE,4140b4,0x4dd460,printf
WriteToPartition,_Z16WriteToPartitionPKhmRKNSt3__112basic_stringIcNS1_11char_traitsIcEENS1_9allocatorIcEEEE,4140dc,0x4dd460,printf
WriteToPartition,_Z16WriteToPartitionPKhmRKNSt3__112basic_stringIcNS1_11char_traitsIcEENS1_9allocatorIcEEEE,4140fc,0x4dd460,printf
WriteToPartition,_Z16WriteToPartitionPKhmRKNSt3__112basic_stringIcNS1_11char_traitsIcEENS1_9allocatorIcEEEE,41411c,0x426648,_ZN9OtaCloser5CloseEi
WriteToPartition,_Z16WriteToPartitionPKhmRKNSt3__112basic_stringIcNS1_11char_traitsIcEENS1_9allocatorIcEEEE,414138,0x426748,_Z9ota_closeRN7android4base14unique_fd_implI9OtaCloserEE
WriteToPartition,_Z16WriteToPartitionPKhmRKNSt3__112basic_stringIcNS1_11char_traitsIcEENS1_9allocatorIcEEEE,414140,0x4c8da0,__errno
WriteToPartition,_Z16WriteToPartitionPKhmRKNSt3__112basic_stringIcNS1_11char_traitsIcEENS1_9allocatorIcEEEE,414148,0x4cc8c8,strerror
WriteToPartition,_Z16WriteToPartitionPKhmRKNSt3__112basic_stringIcNS1_11char_traitsIcEENS1_9allocatorIcEEEE,414164,0x426210,_Z8ota_openPKci
WriteToPartition,_Z16WriteToPartitionPKhmRKNSt3__112basic_stringIcNS1_11char_traitsIcEENS1_9allocatorIcEEEE,41417c,0x426648,_ZN9OtaCloser5CloseEi
WriteToPartition,_Z16WriteToPartitionPKhmRKNSt3__112basic_stringIcNS1_11char_traitsIcEENS1_9allocatorIcEEEE,414194,0x4c8da0,__errno
WriteToPartition,_Z16WriteToPartitionPKhmRKNSt3__112basic_stringIcNS1_11char_traitsIcEENS1_9allocatorIcEEEE,41419c,0x4cc8c8,strerror
WriteToPartition,_Z16WriteToPartitionPKhmRKNSt3__112basic_stringIcNS1_11char_traitsIcEENS1_9allocatorIcEEEE,4141bc,0x4d4770,lseek
WriteToPartition,_Z16WriteToPartitionPKhmRKNSt3__112basic_stringIcNS1_11char_traitsIcEENS1_9allocatorIcEEEE,4141c8,0x4c8da0,__errno
WriteToPartition,_Z16WriteToPartitionPKhmRKNSt3__112basic_stringIcNS1_11char_traitsIcEENS1_9allocatorIcEEEE,4141d8,0x4cc8c8,strerror
WriteToPartition,_Z16WriteToPartitionPKhmRKNSt3__112basic_stringIcNS1_11char_traitsIcEENS1_9allocatorIcEEEE,4141ec,0x4c8da0,__errno
WriteToPartition,_Z16WriteToPartitionPKhmRKNSt3__112basic_stringIcNS1_11char_traitsIcEENS1_9allocatorIcEEEE,4141f4,0x4cc8c8,strerror
WriteToPartition,_Z16WriteToPartitionPKhmRKNSt3__112basic_stringIcNS1_11char_traitsIcEENS1_9allocatorIcEEEE,414208,0x4cc8c8,strerror
WriteToPartition,_Z16WriteToPartitionPKhmRKNSt3__112basic_stringIcNS1_11char_traitsIcEENS1_9allocatorIcEEEE,41421c,0x4dd460,printf
WriteToPartition,_Z16WriteToPartitionPKhmRKNSt3__112basic_stringIcNS1_11char_traitsIcEENS1_9allocatorIcEEEE,414230,0x426648,_ZN9OtaCloser5CloseEi
WriteToPartition,_Z16WriteToPartitionPKhmRKNSt3__112basic_stringIcNS1_11char_traitsIcEENS1_9allocatorIcEEEE,414240,0x4c8da0,__errno
WriteToPartition,_Z16WriteToPartitionPKhmRKNSt3__112basic_stringIcNS1_11char_traitsIcEENS1_9allocatorIcEEEE,414248,0x4cc8c8,strerror
WriteToPartition,_Z16WriteToPartitionPKhmRKNSt3__112basic_stringIcNS1_11char_traitsIcEENS1_9allocatorIcEEEE,41425c,0x4c8da0,__errno
WriteToPartition,_Z16WriteToPartitionPKhmRKNSt3__112basic_stringIcNS1_11char_traitsIcEENS1_9allocatorIcEEEE,414264,0x4cc8c8,strerror
WriteToPartition,_Z16WriteToPartitionPKhmRKNSt3__112basic_stringIcNS1_11char_traitsIcEENS1_9allocatorIcEEEE,414278,0x4c8da0,__errno
WriteToPartition,_Z16WriteToPartitionPKhmRKNSt3__112basic_stringIcNS1_11char_traitsIcEENS1_9allocatorIcEEEE,414280,0x4cc8c8,strerror
WriteToPartition,_Z16WriteToPartitionPKhmRKNSt3__112basic_stringIcNS1_11char_traitsIcEENS1_9allocatorIcEEEE,4142a8,0x426748,_Z9ota_closeRN7android4base14unique_fd_implI9OtaCloserEE
WriteToPartition,_Z16WriteToPartitionPKhmRKNSt3__112basic_stringIcNS1_11char_traitsIcEENS1_9allocatorIcEEEE,4142b4,0x4d4968,sync
WriteToPartition,_Z16WriteToPartitionPKhmRKNSt3__112basic_stringIcNS1_11char_traitsIcEENS1_9allocatorIcEEEE,4142c8,0x4dd550,puts
WriteToPartition,_Z16WriteToPartitionPKhmRKNSt3__112basic_stringIcNS1_11char_traitsIcEENS1_9allocatorIcEEEE,4142d0,0x4c8da0,__errno
WriteToPartition,_Z16WriteToPartitionPKhmRKNSt3__112basic_stringIcNS1_11char_traitsIcEENS1_9allocatorIcEEEE,4142d8,0x4cc8c8,strerror
WriteToPartition,_Z16WriteToPartitionPKhmRKNSt3__112basic_stringIcNS1_11char_traitsIcEENS1_9allocatorIcEEEE,4142ec,0x4d4440,__stack_chk_fail
ota_open,_Z8ota_openPKcij,426354,0x4cc170,open
ota_open,_Z8ota_openPKcij,426364,0x4afe88,_ZNSt3__15mutex4lockEv
ota_open,_Z8ota_openPKcij,4263ec,0x491710,UNKNOWN_0x491710
ota_open,_Z8ota_openPKcij,426428,0x4180e0,UNKNOWN_0x4180e0
ota_open,_Z8ota_openPKcij,426444,0x425ca8,_Z19should_fault_injectPKc
ota_open,_Z8ota_openPKcij,42644c,0x425ed8,_Z16should_hit_cachev
ota_open,_Z8ota_openPKcij,42647c,0x4c8290,strlen
ota_open,_Z8ota_openPKcij,42648c,0x4c841c,strncmp
ota_open,_Z8ota_openPKcij,42649c,0x4c8da0,__errno
ota_open,_Z8ota_openPKcij,4264d4,0x4b05e0,UNKNOWN_0x4b05e0
ota_open,_Z8ota_openPKcij,4264d8,0x4c8da0,__errno
ota_open,_Z8ota_openPKcij,426508,0x4afeb0,_ZNSt3__115recursive_mutex6unlockEv
ota_write,_Z9ota_writeiPKvm,426d80,0x425ca8,_Z19should_fault_injectPKc
ota_write,_Z9ota_writeiPKvm,426d90,0x4afe88,_ZNSt3__15mutex4lockEv
ota_write,_Z9ota_writeiPKvm,426de4,0x425ed8,_Z16should_hit_cachev
ota_write,_Z9ota_writeiPKvm,426e14,0x4c8290,strlen
ota_write,_Z9ota_writeiPKvm,426e24,0x4c841c,strncmp
ota_write,_Z9ota_writeiPKvm,426e34,0x4afeb0,_ZNSt3__115recursive_mutex6unlockEv
ota_write,_Z9ota_writeiPKvm,426e44,0x4d4a10,write
ota_write,_Z9ota_writeiPKvm,426e50,0x4c8da0,__errno
ota_write,_Z9ota_writeiPKvm,426e88,0x4b05e0,UNKNOWN_0x4b05e0
ota_write,_Z9ota_writeiPKvm,426e8c,0x4c8da0,__errno
ota_write,_Z9ota_writeiPKvm,426eb0,0x4afeb0,_ZNSt3__115recursive_mutex6unlockEv
RegisterInstallFunctions,_Z24RegisterInstallFunctionsv,4069cc,0x41d528,_Z16RegisterFunctionRKNSt3__112basic_stringIcNS_11char_traitsIcEENS_9allocatorIcEEEEPFP5ValuePKcP5StateRKNS_6vectorINS_10unique_ptrI4ExprNS_14default_deleteISG_EEEENS3_ISJ_EEEEE
RegisterInstallFunctions,_Z24RegisterInstallFunctionsv,4069dc,0x4917f0,UNKNOWN_0x4917f0
RegisterInstallFunctions,_Z24RegisterInstallFunctionsv,406a18,0x41d528,_Z16RegisterFunctionRKNSt3__112basic_stringIcNS_11char_traitsIcEENS_9allocatorIcEEEEPFP5ValuePKcP5StateRKNS_6vectorINS_10unique_ptrI4ExprNS_14default_deleteISG_EEEENS3_ISJ_EEEEE
RegisterInstallFunctions,_Z24RegisterInstallFunctionsv,406a28,0x4917f0,UNKNOWN_0x4917f0
RegisterInstallFunctions,_Z24RegisterInstallFunctionsv,406a5c,0x41d528,_Z16RegisterFunctionRKNSt3__112basic_stringIcNS_11char_traitsIcEENS_9allocatorIcEEEEPFP5ValuePKcP5StateRKNS_6vectorINS_10unique_ptrI4ExprNS_14default_deleteISG_EEEENS3_ISJ_EEEEE
RegisterInstallFunctions,_Z24RegisterInstallFunctionsv,406a6c,0x4917f0,UNKNOWN_0x4917f0
RegisterInstallFunctions,_Z24RegisterInstallFunctionsv,406aa0,0x41d528,_Z16RegisterFunctionRKNSt3__112basic_stringIcNS_11char_traitsIcEENS_9allocatorIcEEEEPFP5ValuePKcP5StateRKNS_6vectorINS_10unique_ptrI4ExprNS_14default_deleteISG_EEEENS3_ISJ_EEEEE
RegisterInstallFunctions,_Z24RegisterInstallFunctionsv,406ab0,0x4917f0,UNKNOWN_0x4917f0
RegisterInstallFunctions,_Z24RegisterInstallFunctionsv,406aec,0x41d528,_Z16RegisterFunctionRKNSt3__112basic_stringIcNS_11char_traitsIcEENS_9allocatorIcEEEEPFP5ValuePKcP5StateRKNS_6vectorINS_10unique_ptrI4ExprNS_14default_deleteISG_EEEENS3_ISJ_EEEEE
RegisterInstallFunctions,_Z24RegisterInstallFunctionsv,406afc,0x4917f0,UNKNOWN_0x4917f0
RegisterInstallFunctions,_Z24RegisterInstallFunctionsv,406b3c,0x41d528,_Z16RegisterFunctionRKNSt3__112basic_stringIcNS_11char_traitsIcEENS_9allocatorIcEEEEPFP5ValuePKcP5StateRKNS_6vectorINS_10unique_ptrI4ExprNS_14default_deleteISG_EEEENS3_ISJ_EEEEE
RegisterInstallFunctions,_Z24RegisterInstallFunctionsv,406b4c,0x4917f0,UNKNOWN_0x4917f0
RegisterInstallFunctions,_Z24RegisterInstallFunctionsv,406b8c,0x41d528,_Z16RegisterFunctionRKNSt3__112basic_stringIcNS_11char_traitsIcEENS_9allocatorIcEEEEPFP5ValuePKcP5StateRKNS_6vectorINS_10unique_ptrI4ExprNS_14default_deleteISG_EEEENS3_ISJ_EEEEE
RegisterInstallFunctions,_Z24RegisterInstallFunctionsv,406b9c,0x4917f0,UNKNOWN_0x4917f0
RegisterInstallFunctions,_Z24RegisterInstallFunctionsv,406bd0,0x41d528,_Z16RegisterFunctionRKNSt3__112basic_stringIcNS_11char_traitsIcEENS_9allocatorIcEEEEPFP5ValuePKcP5StateRKNS_6vectorINS_10unique_ptrI4ExprNS_14default_deleteISG_EEEENS3_ISJ_EEEEE
RegisterInstallFunctions,_Z24RegisterInstallFunctionsv,406be0,0x4917f0,UNKNOWN_0x4917f0
RegisterInstallFunctions,_Z24RegisterInstallFunctionsv,406c20,0x41d528,_Z16RegisterFunctionRKNSt3__112basic_stringIcNS_11char_traitsIcEENS_9allocatorIcEEEEPFP5ValuePKcP5StateRKNS_6vectorINS_10unique_ptrI4ExprNS_14default_deleteISG_EEEENS3_ISJ_EEEEE
RegisterInstallFunctions,_Z24RegisterInstallFunctionsv,406c30,0x4917f0,UNKNOWN_0x4917f0
RegisterInstallFunctions,_Z24RegisterInstallFunctionsv,406c6c,0x41d528,_Z16RegisterFunctionRKNSt3__112basic_stringIcNS_11char_traitsIcEENS_9allocatorIcEEEEPFP5ValuePKcP5StateRKNS_6vectorINS_10unique_ptrI4ExprNS_14default_deleteISG_EEEENS3_ISJ_EEEEE
RegisterInstallFunctions,_Z24RegisterInstallFunctionsv,406c7c,0x4917f0,UNKNOWN_0x4917f0
RegisterInstallFunctions,_Z24RegisterInstallFunctionsv,406cb4,0x41d528,_Z16RegisterFunctionRKNSt3__112basic_stringIcNS_11char_traitsIcEENS_9allocatorIcEEEEPFP5ValuePKcP5StateRKNS_6vectorINS_10unique_ptrI4ExprNS_14default_deleteISG_EEEENS3_ISJ_EEEEE
RegisterInstallFunctions,_Z24RegisterInstallFunctionsv,406cc4,0x4917f0,UNKNOWN_0x4917f0
RegisterInstallFunctions,_Z24RegisterInstallFunctionsv,406cf8,0x41d528,_Z16RegisterFunctionRKNSt3__112basic_stringIcNS_11char_traitsIcEENS_9allocatorIcEEEEPFP5ValuePKcP5StateRKNS_6vectorINS_10unique_ptrI4ExprNS_14default_deleteISG_EEEENS3_ISJ_EEEEE
RegisterInstallFunctions,_Z24RegisterInstallFunctionsv,406d08,0x4917f0,UNKNOWN_0x4917f0
RegisterInstallFunctions,_Z24RegisterInstallFunctionsv,406d38,0x41d528,_Z16RegisterFunctionRKNSt3__112basic_stringIcNS_11char_traitsIcEENS_9allocatorIcEEEEPFP5ValuePKcP5StateRKNS_6vectorINS_10unique_ptrI4ExprNS_14default_deleteISG_EEEENS3_ISJ_EEEEE
RegisterInstallFunctions,_Z24RegisterInstallFunctionsv,406d48,0x4917f0,UNKNOWN_0x4917f0
RegisterInstallFunctions,_Z24RegisterInstallFunctionsv,406d7c,0x41d528,_Z16RegisterFunctionRKNSt3__112basic_stringIcNS_11char_traitsIcEENS_9allocatorIcEEEEPFP5ValuePKcP5StateRKNS_6vectorINS_10unique_ptrI4ExprNS_14default_deleteISG_EEEENS3_ISJ_EEEEE
RegisterInstallFunctions,_Z24RegisterInstallFunctionsv,406d8c,0x4917f0,UNKNOWN_0x4917f0
RegisterInstallFunctions,_Z24RegisterInstallFunctionsv,406dc4,0x41d528,_Z16RegisterFunctionRKNSt3__112basic_stringIcNS_11char_traitsIcEENS_9allocatorIcEEEEPFP5ValuePKcP5StateRKNS_6vectorINS_10unique_ptrI4ExprNS_14default_deleteISG_EEEENS3_ISJ_EEEEE
RegisterInstallFunctions,_Z24RegisterInstallFunctionsv,406dd4,0x4917f0,UNKNOWN_0x4917f0
RegisterInstallFunctions,_Z24RegisterInstallFunctionsv,406e0c,0x41d528,_Z16RegisterFunctionRKNSt3__112basic_stringIcNS_11char_traitsIcEENS_9allocatorIcEEEEPFP5ValuePKcP5StateRKNS_6vectorINS_10unique_ptrI4ExprNS_14default_deleteISG_EEEENS3_ISJ_EEEEE
RegisterInstallFunctions,_Z24RegisterInstallFunctionsv,406e1c,0x4917f0,UNKNOWN_0x4917f0
RegisterInstallFunctions,_Z24RegisterInstallFunctionsv,406e54,0x41d528,_Z16RegisterFunctionRKNSt3__112basic_stringIcNS_11char_traitsIcEENS_9allocatorIcEEEEPFP5ValuePKcP5StateRKNS_6vectorINS_10unique_ptrI4ExprNS_14default_deleteISG_EEEENS3_ISJ_EEEEE
RegisterInstallFunctions,_Z24RegisterInstallFunctionsv,406e64,0x4917f0,UNKNOWN_0x4917f0
RegisterInstallFunctions,_Z24RegisterInstallFunctionsv,406e9c,0x41d528,_Z16RegisterFunctionRKNSt3__112basic_stringIcNS_11char_traitsIcEENS_9allocatorIcEEEEPFP5ValuePKcP5StateRKNS_6vectorINS_10unique_ptrI4ExprNS_14default_deleteISG_EEEENS3_ISJ_EEEEE
RegisterInstallFunctions,_Z24RegisterInstallFunctionsv,406eac,0x4917f0,UNKNOWN_0x4917f0
RegisterInstallFunctions,_Z24RegisterInstallFunctionsv,406ee4,0x41d528,_Z16RegisterFunctionRKNSt3__112basic_stringIcNS_11char_traitsIcEENS_9allocatorIcEEEEPFP5ValuePKcP5StateRKNS_6vectorINS_10unique_ptrI4ExprNS_14default_deleteISG_EEEENS3_ISJ_EEEEE
RegisterInstallFunctions,_Z24RegisterInstallFunctionsv,406ef4,0x4917f0,UNKNOWN_0x4917f0
RegisterInstallFunctions,_Z24RegisterInstallFunctionsv,406f2c,0x41d528,_Z16RegisterFunctionRKNSt3__112basic_stringIcNS_11char_traitsIcEENS_9allocatorIcEEEEPFP5ValuePKcP5StateRKNS_6vectorINS_10unique_ptrI4ExprNS_14default_deleteISG_EEEENS3_ISJ_EEEEE
RegisterInstallFunctions,_Z24RegisterInstallFunctionsv,406f3c,0x4917f0,UNKNOWN_0x4917f0
RegisterInstallFunctions,_Z24RegisterInstallFunctionsv,406f6c,0x41d528,_Z16RegisterFunctionRKNSt3__112basic_stringIcNS_11char_traitsIcEENS_9allocatorIcEEEEPFP5ValuePKcP5StateRKNS_6vectorINS_10unique_ptrI4ExprNS_14default_deleteISG_EEEENS3_ISJ_EEEEE
RegisterInstallFunctions,_Z24RegisterInstallFunctionsv,406f7c,0x4917f0,UNKNOWN_0x4917f0
RegisterInstallFunctions,_Z24RegisterInstallFunctionsv,406fac,0x41d528,_Z16RegisterFunctionRKNSt3__112basic_stringIcNS_11char_traitsIcEENS_9allocatorIcEEEEPFP5ValuePKcP5StateRKNS_6vectorINS_10unique_ptrI4ExprNS_14default_deleteISG_EEEENS3_ISJ_EEEEE
RegisterInstallFunctions,_Z24RegisterInstallFunctionsv,406fbc,0x4917f0,UNKNOWN_0x4917f0
RegisterInstallFunctions,_Z24RegisterInstallFunctionsv,406ff4,0x41d528,_Z16RegisterFunctionRKNSt3__112basic_stringIcNS_11char_traitsIcEENS_9allocatorIcEEEEPFP5ValuePKcP5StateRKNS_6vectorINS_10unique_ptrI4ExprNS_14default_deleteISG_EEEENS3_ISJ_EEEEE
RegisterInstallFunctions,_Z24RegisterInstallFunctionsv,407004,0x4917f0,UNKNOWN_0x4917f0
RegisterInstallFunctions,_Z24RegisterInstallFunctionsv,407038,0x41d528,_Z16RegisterFunctionRKNSt3__112basic_stringIcNS_11char_traitsIcEENS_9allocatorIcEEEEPFP5ValuePKcP5StateRKNS_6vectorINS_10unique_ptrI4ExprNS_14default_deleteISG_EEEENS3_ISJ_EEEEE
RegisterInstallFunctions,_Z24RegisterInstallFunctionsv,407048,0x4917f0,UNKNOWN_0x4917f0
RegisterInstallFunctions,_Z24RegisterInstallFunctionsv,407074,0x4d4440,__stack_chk_fail
