route,layer,exact_target_evidence,observed_or_static_match,prior_device_result,current_decision,confidence,next_safe_step
KoCleo mtk-easy-su,Android app wrapper plus opaque legacy mtk-su payload,"No KFTRWI/trona/MT8183 profile; mtk-su64 LFS OID equals prior test",same payload and same legacy route,MTK-SU-CMDQ-T03 failed at critical init step 3; no UID0,do not repeat; route already disproved for current evidence,Confirmed,host-only source diff if a new pinned payload appears
GhostLock CVE-2026-43499,Linux futex PI and rtmutex kernel path,PS7330 source/config overlap; signed PS7330 function and compiled layout unavailable,PS7331 inspected Image is consistent with pre-fix source; no live trigger,source/config candidate only; not a root finding,High-confidence source applicability; runtime unknown,obtain exact signed PS7330 artifact or stop at host-only boundary
CVE-2026-43503,Linux networking skb/shared-fragment path,no relationship to GhostLock or Fire HOME,not an Android launcher or MTK root route,not a candidate for this device objective,Confirmed,none
CVE-2026-3499,unresolved identifier,reviewed public material does not establish it as GhostLock,not mapped to exact device,do not use as an operation label,Hypothesis / unresolved identifier,verify identity from an authoritative advisory before any analysis
Generic MTK BROM/DA/preloader,pre-Android boot chain,exact Amazon loader/DA/auth/rollback set unavailable,no handshake or write performed,Level 3 and risk-rejected,Confirmed,only exact-artifact compatibility review; no device operation
R0rt1z2/fenrir,MTK secure-boot/EL3 device-specific chain,no trona/KFTRWI profile in reviewed support boundary,no device action,not an exact-target route,Strong evidence,none without exact profile and recovery plan
R0rt1z2/lkpatcher,LK image parsing/patching,exact PS7330 LK unavailable,no image patch or write,static review only; not a current route,Confirmed,obtain exact lawful LK only for host-only parser review
OPlus MTK fastboot unlock,OEM-specific factory preloader path,Amazon trona is a different OEM target,no preloader action,inapplicable direct route,Confirmed,none
PS7331 upgrade,general Fire OS full-block OTA,official package matches Fire HD 10 11th Generation and local hash,host-only source/Image review completed; no installation,consider only as separately approved general security A/B; not as GhostLock remediation,Confirmed for package identity; Strong evidence for no demonstrated fix,keep PS7330 baseline and do not flash standalone boot.img
